番号,施設名,総合評価,サービス,立地,部屋,設備・アメニティ,風呂,食事
1,京急ＥＸホテル品川（旧：京急ＥＸイン品川駅前）,4.23,3.88,4.69,4.23,3.80,3.64,4.04
2,品川プリンスホテル,3.77,3.62,4.58,3.57,3.55,3.08,3.93
3,アパホテル＜東京潮見駅前＞,4.12,3.81,4.38,3.86,3.90,4.14,4.15
4,東京ドームホテル,4.43,4.27,4.70,4.47,4.11,3.92,4.01
5,グランドニッコー東京　台場,4.53,4.32,4.69,4.61,4.47,4.19,4.38
6,スーパーホテルＬｏｈａｓ東京駅八重洲中央口　八重桜の湯,4.44,4.47,4.78,4.19,4.21,4.32,4.13
7,京王プレッソイン東京駅八重洲（２０１７年８月２８日オープン）,4.15,3.99,4.63,4.21,3.94,3.57,3.50
8,ホテルサンルート有明,4.06,3.81,4.29,4.01,3.80,3.73,3.76
9,京急ＥＸイン羽田,4.28,4.01,4.22,4.44,4.10,3.84,3.47
10,ヴィアイン飯田橋後楽園（２０１８年９月５日オープン）,4.37,4.20,3.83,4.50,4.11,4.00,3.99
11,ホテルニューグリーン御徒町,3.73,3.42,4.08,3.54,3.17,3.33,3.43
12,京王プレッソイン浜松町,4.23,4.07,3.89,4.30,4.06,3.67,3.53
13,三井ガーデンホテル京橋,4.29,4.23,4.49,4.37,4.14,3.97,4.16
14,東京ベイ有明ワシントンホテル,4.04,3.72,4.48,3.92,3.70,3.41,3.94
15,相鉄フレッサイン　新橋日比谷口,4.15,3.81,4.62,3.98,3.87,3.54,3.57
16,京急ＥＸホテル高輪（旧：京急ＥＸイン高輪）,4.09,3.79,4.49,3.99,3.86,3.63,3.66
17,アパホテル＜品川　泉岳寺駅前＞,4.02,3.80,4.37,3.88,3.84,4.00,3.83
18,リッチモンドホテル東京水道橋,4.36,4.15,4.44,4.31,4.23,4.02,3.36
19,明神の湯ドーミーインPREMIUM神田,4.29,4.08,4.28,4.33,4.15,4.55,4.30
20,三井ガーデンホテル銀座プレミア,4.27,4.04,4.28,4.34,4.22,4.21,4.44
21,ヴィアイン東京大井町,4.20,3.92,4.52,4.16,3.87,3.55,3.58
22,京王プレッソイン大手町,4.14,3.93,4.11,4.11,3.79,3.53,3.71
23,ダイワロイネットホテル東京有明（２０１８年１０月１日オープン）,4.37,3.95,4.72,4.66,3.94,4.49,3.87
24,京王プレッソイン神田,4.09,3.95,4.06,4.03,3.76,3.39,3.55
25,京王プレッソイン池袋,4.13,4.03,4.38,4.11,3.87,3.57,3.80
26,レム六本木,4.37,4.00,4.74,4.38,3.90,3.78,3.77
27,京王プレッソイン五反田,4.00,3.86,4.07,3.91,3.72,3.38,3.47
28,アパホテル＆リゾート＜西新宿五丁目駅タワー＞（２０１８年３月２０日オープン）,3.93,3.56,4.18,3.94,3.82,3.98,3.59
29,ＪＲ東日本ホテルメッツ渋谷,4.35,4.17,4.42,4.35,4.09,3.81,3.59
30,京王プレッソイン赤坂,4.24,4.03,4.63,4.27,3.99,3.54,3.80
31,京王プレッソイン日本橋茅場町（旧：京王プレッソイン茅場町),4.18,3.93,4.45,4.07,3.75,3.34,3.78
32,三交インＧｒａｎｄｅ東京浜松町,4.39,4.11,4.46,4.36,4.23,4.34,4.18
33,アパホテル＜巣鴨駅前＞,4.44,4.22,4.74,4.38,4.22,4.33,4.39
34,京王プレッソイン新宿,3.88,3.73,3.63,3.80,3.47,3.39,3.50
35,ニューセントラルホテル＜東京都＞,3.98,3.85,4.41,3.49,3.69,4.31,3.40
36,京王プレッソイン東銀座,3.94,3.84,4.24,3.86,3.61,3.22,3.48
37,全国町村会館,4.29,3.98,4.44,4.34,3.98,3.78,4.08
38,ヴィアイン新宿,4.21,4.06,4.07,4.17,3.98,3.63,4.06
39,ヴィラフォンテーヌ東京汐留,4.08,3.88,4.36,4.28,3.89,3.68,3.62
40,伝馬の湯　ドーミーインＰＲＥＭＩＵＭ東京小伝馬町,4.43,4.41,4.28,4.42,4.32,4.51,4.49
41,ホテル銀座ダイエー,4.19,3.96,4.44,3.99,3.85,3.41,4.00
42,ザ・プリンス　パークタワー東京,4.62,4.54,4.65,4.60,4.57,4.46,4.56
43,グランドプリンスホテル新高輪,4.07,4.00,4.19,4.02,3.99,3.52,3.89
44,ホテルサンルート新橋,4.19,4.01,4.43,4.05,3.84,3.72,3.48
45,お茶の水ホテルジュラク,4.28,4.03,4.35,4.14,4.01,3.83,4.43
46,ニューオータニイン東京,3.88,3.46,4.61,3.90,3.68,3.53,3.97
47,亀島川温泉　新川の湯　ドーミーイン東京八丁堀,4.32,4.26,4.22,4.01,4.10,4.62,4.34
48,東急ステイ高輪（泉岳寺駅前）（２０１８年２月１５日オープン）,4.51,4.23,4.54,4.68,4.27,4.30,4.17
49,ホテルサンルート銀座,4.20,4.04,4.39,4.18,3.97,3.94,3.78
50,HOTEL　Guest1　ホテルゲストワン上野駅前,4.02,4.01,4.28,4.02,3.88,3.68,3.69
51,京急ＥＸイン　蒲田,4.14,3.92,4.18,4.10,3.96,3.72,4.00
52,京急ＥＸイン　浅草橋駅前,4.09,3.78,4.29,4.07,3.81,3.55,3.53
53,京急ＥＸイン　秋葉原,4.37,4.20,4.27,4.42,4.20,3.91,4.00
54,ホテル　サードニクス東京,4.52,4.32,4.45,4.56,4.28,3.93,4.07
55,ヒルトン東京お台場,3.90,3.83,4.50,4.28,3.82,3.88,4.05
56,ベルケンホテル・神田（２０１８．６．９　ＧＲＡＮＤ　ＯＰＥＮ）,4.34,3.94,4.38,4.51,3.91,3.89,3.29
57,コンフォートホテル東京東日本橋,4.12,4.02,4.50,4.08,3.77,3.68,3.86
58,ダイワロイネットホテル東京赤羽,4.09,3.89,4.16,4.30,3.86,3.93,3.43
59,ホテルマイステイズ五反田駅前,3.61,3.54,4.65,3.44,3.49,3.10,3.58
60,コンフォートホテル東京東神田,4.35,4.20,3.69,4.53,4.11,4.09,3.98
61,アパホテル＜新宿　歌舞伎町タワー＞,3.70,3.41,4.37,3.63,3.57,3.87,3.45
62,ホテルメトロポリタン,4.27,4.24,4.67,4.18,4.07,3.76,4.00
63,変なホテル東京　浜松町（２０１８年４月２７日オープン）,4.02,3.44,4.74,4.06,3.76,3.69,2.88
64,ビジネスイン和,4.46,4.21,4.59,4.51,4.36,4.04,4.00
65,小田急ホテルセンチュリーサザンタワー,3.94,3.77,4.53,4.15,4.01,3.73,4.15
66,ヴィアイン秋葉原,4.04,3.93,4.28,4.04,3.89,3.81,3.85
67,ロイヤルパークホテル,4.49,4.44,4.49,4.34,4.31,4.08,4.34
68,浅草セントラルホテル,4.07,3.87,4.49,3.83,3.73,3.84,3.35
69,ホテル　インターコンチネンタル東京ベイ,4.44,4.46,4.44,4.64,4.31,4.53,4.28
70,春日の湯　ドーミーイン後楽園,4.41,4.27,4.22,4.21,4.24,4.61,4.56
71,リッチモンドホテルプレミア東京押上,4.52,4.31,4.76,4.53,4.38,4.26,4.15
72,ハートンホテル東品川,3.95,3.68,4.23,3.97,3.73,3.53,3.43
73,変なホテル東京　赤坂（２０１８年７月２０日オープン）,3.93,3.71,4.18,4.04,4.10,3.99,4.11
74,アパホテル＜蒲田駅東＞,4.18,3.81,4.20,3.99,3.99,3.76,3.57
75,八重洲ターミナルホテル,3.95,3.80,4.63,3.69,3.65,3.24,3.85
76,赤坂エクセルホテル東急,3.84,3.76,4.71,3.78,3.79,3.48,4.09
77,ユニゾイン神田駅西（２０１７年８月１５日オープン）,4.02,3.74,4.31,4.22,3.84,3.64,3.26
78,京王プラザホテル多摩,4.02,3.87,4.52,3.96,3.53,3.51,3.61
79,チェックイン新橋,3.57,3.45,4.42,3.25,3.37,3.65,3.35
80,アパホテル＜飯田橋駅前＞,3.89,3.61,4.43,3.89,3.58,3.33,3.76
81,サクラ・フルール　青山,3.78,4.08,4.02,3.69,3.77,3.02,3.69
82,京急ＥＸイン　品川・新馬場駅北口,4.00,3.82,4.53,3.96,4.03,3.59,3.36
83,相鉄フレッサイン　東京錦糸町（２０１７年１２月１０日オープン）,4.18,3.99,4.26,3.98,4.11,3.72,4.15
84,ホテル龍名館東京,4.51,4.41,4.82,4.38,4.52,3.96,4.45
85,京急ＥＸイン　大森海岸駅前,4.26,4.10,4.71,4.16,4.14,3.81,3.65
86,ホテルビスタプレミオ東京【赤坂】（２０１８年６月１４日オープン）,4.34,4.02,4.39,4.33,3.78,4.48,4.07
87,Ｈｏｔｅｌ　ＭＯＮｄａｙ　ＴＯＹＯＳＵ（２０１８年１０月２７日　オープン）,3.60,3.25,3.44,3.98,3.46,3.95,3.94
88,コンフォートホテル東京神田,4.03,4.02,4.01,4.06,3.75,3.47,3.87
89,浅草ビューホテル,4.25,4.02,4.43,4.11,3.91,3.59,4.32
90,ヴィアイン東銀座,4.10,3.96,4.37,4.08,3.88,3.71,3.80
91,ＮＥＸＵＳ　ＤＯＯＲ　ＴＯＫＹＯ,4.26,4.16,4.13,4.07,4.30,3.86,4.27
92,コンフォートホテル東京清澄白河,4.17,4.11,4.62,4.15,3.79,3.46,3.95
93,アーバイン東京・羽田　蒲田,4.00,3.51,3.74,3.85,3.60,3.77,3.04
94,レム秋葉原,4.03,4.02,4.86,4.24,4.08,3.66,3.94
95,リッチモンドホテル東京目白,4.16,4.02,4.50,3.99,3.94,3.82,3.84
96,スーパーホテル東京・芝【高濃度人工炭酸泉　開城の湯】（２０１８年８月２２日オープン）,4.29,4.17,3.70,4.38,4.05,4.14,4.28
97,アパホテル＜新宿御苑前＞,3.94,3.70,4.33,3.76,3.86,4.24,3.84
98,三井ガーデンホテル汐留イタリア街,4.13,4.06,3.89,4.17,3.97,4.12,4.07
99,ホテルトラスティ東京ベイサイド,4.15,4.07,3.86,4.13,4.02,3.83,4.13
100,東武ホテルレバント東京,4.50,4.26,4.68,4.45,4.08,3.87,4.22
101,アパホテル＜浅草蔵前＞,3.68,3.49,3.85,3.50,3.61,3.60,3.84
102,グランドプリンスホテル高輪,4.32,4.26,4.13,4.33,4.22,3.84,4.12
103,ダイワロイネットホテル銀座,4.38,4.00,4.47,4.30,4.00,4.25,4.00
104,すえひろの湯　ドーミーイン秋葉原,4.35,4.23,4.29,4.19,4.26,4.59,4.00
105,ホテルミュッセ銀座名鉄（２０１８年３月１日オープン）,4.18,3.90,4.37,4.26,4.02,4.48,3.77
106,リッチモンドホテルプレミア浅草,4.51,4.31,4.38,4.48,4.24,4.09,4.53
107,ドーミーインPREMIUM渋谷神宮前,4.09,4.06,3.89,3.94,4.11,4.28,4.21
108,ホテル　ココ・グラン北千住,4.40,4.26,4.50,4.42,4.49,4.37,3.98
109,神田ステーションホテル,3.63,3.53,4.38,3.44,3.41,3.10,2.97
110,ホテルメトロポリタン　エドモント,4.41,4.24,4.48,4.32,4.21,4.10,4.39
111,ホテルユニゾ新橋,3.84,3.64,4.42,3.66,3.69,3.38,3.46
112,ホテル　サンパティオ,4.06,3.91,4.40,3.84,3.66,3.43,3.74
113,スーパーホテルＬｏｈａｓ池袋駅北口　高濃度炭酸泉～ふくろうの湯～,4.28,4.09,3.84,3.85,4.05,4.40,4.29
114,チサンホテル浜松町,3.55,3.34,3.48,3.34,3.31,3.03,4.09
115,ＪＲ東日本ホテルメッツ高円寺,4.26,3.92,4.75,4.22,3.95,3.64,3.71
116,新小岩パークホテル,3.82,3.48,4.41,3.56,3.24,3.06,3.53
117,アパホテル＜御茶ノ水駅北＞,3.82,3.69,3.79,3.85,3.96,3.35,3.58
118,名鉄イン浜松町,4.19,3.86,4.40,4.18,3.87,3.66,3.00
119,アパヴィラホテル＜赤坂見附＞（アパホテルズ＆リゾーツ）,3.33,3.33,4.36,3.03,3.32,2.78,3.85
120,アパホテル＜東京木場＞,3.49,3.46,3.53,3.25,3.58,3.16,3.77
121,浅草橋ビジネスホテル,3.78,3.59,4.47,3.51,3.31,3.06,3.09
122,ＪＲ東日本ホテルメッツ赤羽,4.28,4.05,4.81,4.32,4.02,3.97,4.01
123,立川ワシントンホテル,4.23,4.13,4.51,4.33,3.93,3.91,4.29
124,ホテルユニゾ渋谷,4.29,4.00,4.48,3.97,4.03,3.67,4.50
125,サンシャインシティプリンスホテル,3.99,4.02,4.24,3.94,3.77,3.65,4.27
126,ダイワロイネットホテル東京大崎,3.83,3.51,4.31,4.04,3.67,3.67,3.66
127,お茶の水ホテル昇龍館,4.53,4.56,4.17,4.25,4.15,4.50,4.15
128,アパホテル＜東京九段下＞,3.67,3.48,4.17,3.59,3.38,3.25,4.21
129,リッチモンドホテル浅草,4.35,4.23,4.41,4.39,4.28,4.04,4.45
130,スーパーホテル　東京・ＪＲ立川北口,4.09,4.09,3.72,4.05,3.81,3.72,4.00
131,ホテルリブマックス茅場町,4.10,3.84,4.31,4.03,3.90,3.56,3.53
132,東京イン,3.83,3.58,4.36,3.60,3.51,3.29,3.52
133,グランパークホテル　パネックス東京,3.66,3.47,4.29,3.40,3.45,3.25,4.00
134,ホテルマイステイズ亀戸,3.47,3.25,3.64,3.40,3.11,2.77,3.42
135,星野リゾート　ＯＭＯ５　東京大塚（２０１８年５月９日グランドオープン）,4.17,3.85,4.53,4.26,3.46,4.12,3.76
136,ホテルマイステイズプレミア大森（旧アートホテルズ大森）,4.18,3.84,3.93,4.35,3.98,3.47,3.82
137,相鉄フレッサイン　東京東陽町駅前,4.13,3.99,4.55,4.11,3.99,3.64,3.51
138,変なホテル東京　羽田（２０１８年１０月３日オープン）,3.78,3.30,3.83,3.98,3.63,3.68,3.56
139,Ｔマークシティホテル東京大森,4.26,3.86,4.20,4.49,4.08,3.89,4.33
140,ホテルリブマックス高田馬場駅前,4.04,3.79,4.26,4.04,3.84,3.38,4.20
141,アパホテル＜渋谷道玄坂上＞,3.81,3.81,3.94,3.63,3.48,3.33,3.87
142,ホテルサンルートプラザ新宿,3.77,3.75,4.49,3.77,3.65,3.55,3.70
143,東京プリンスホテル,4.07,3.86,4.29,4.00,3.81,3.40,4.03
144,ホテルルポール麹町（地方職員共済組合麹町会館）,4.21,3.91,4.35,4.00,3.78,4.18,4.07
145,ホテルリブマックス東京潮見駅前,4.04,3.65,4.59,4.07,3.93,3.28,3.60
146,アパホテル＜神田神保町駅東＞,4.00,3.95,4.22,4.09,3.85,3.45,3.95
147,第一ホテル両国,3.96,3.67,4.21,3.97,3.75,3.64,3.78
148,ヴィラフォンテーヌ東京九段下,4.11,3.75,4.16,4.00,3.61,3.75,3.88
149,立川グランドホテル,3.66,3.47,4.26,3.65,3.35,3.30,3.94
150,ホテルオークラ東京,4.84,4.78,4.37,4.62,4.60,4.36,4.81
151,アパホテル＜半蔵門　平河町＞,3.72,3.65,3.89,3.73,3.62,3.41,3.36
152,相鉄フレッサイン　銀座七丁目,4.04,3.89,4.20,3.96,3.82,3.56,3.75
153,ライフツリー上野,4.23,3.94,4.45,4.25,4.00,3.71,3.63
154,ＪＲ東日本ホテルメッツ立川,4.22,3.92,4.83,4.24,3.98,3.79,3.48
155,アパホテル＜銀座　京橋＞,3.80,3.63,4.16,3.71,3.52,3.19,3.53
156,徒士の湯　ドーミーイン上野・御徒町,4.23,3.84,4.37,4.16,3.95,4.40,4.11
157,ホテルリソル町田,4.00,3.88,4.28,3.90,3.77,3.30,3.80
158,ホテルサーブ渋谷,3.94,3.78,4.59,3.66,3.73,3.31,3.77
159,アパホテル＜新橋　虎ノ門＞,3.51,3.47,4.02,3.64,3.60,3.37,3.14
160,ホテルサンルート品川シーサイド,4.21,3.97,4.25,4.28,3.99,3.92,4.00
161,アパホテル＜東京板橋駅前＞,3.54,3.46,4.26,3.15,3.33,2.96,3.41
162,ホテルリステル新宿,3.62,3.47,3.36,3.74,3.37,3.03,3.43
163,相鉄フレッサイン　東京田町,4.00,3.84,4.21,3.83,3.79,3.34,3.61
164,アパホテル＜池袋駅北口＞,3.75,3.64,3.97,3.78,3.79,3.33,3.88
165,ホテルイルフィオーレ葛西（２０１７年１２月７日オープン）,4.13,3.80,4.37,4.17,3.93,3.79,3.24
166,ＪＲ東日本ホテルメッツ駒込,4.44,4.15,4.85,4.52,4.24,4.12,3.83
167,ＴＨＥ　ＧＡＴＥ　ＨＯＴＥＬ（ザ・ゲートホテル）　雷門　ｂｙ　ＨＵＬＩＣ,4.52,4.40,4.86,4.28,4.31,4.10,4.48
168,アパホテル＜西麻布＞,3.06,3.12,3.31,2.94,3.13,2.51,3.43
169,アパホテル＜浅草駅前＞(全室禁煙)（２０１８年１０月２３日オープン）,3.79,3.54,4.64,3.88,3.67,3.45,3.67
170,東京ステーションホテル,4.77,4.77,4.93,4.65,4.69,4.45,4.63
171,羽田エクセルホテル東急,4.34,4.06,4.80,4.32,4.09,3.91,4.14
172,京王プレッソイン九段下,4.14,4.14,4.51,3.96,3.78,3.56,3.66
173,スーパーホテル東京・日本橋三越前,4.19,3.98,3.98,4.08,3.92,3.49,4.00
174,アパホテル＜新橋　御成門＞,3.69,3.54,3.87,3.68,3.55,3.02,3.40
175,ホテル　メルパルク東京,4.08,3.96,4.23,3.99,3.78,3.56,4.14
176,ヴィラフォンテーヌ東京浜松町,4.03,3.71,3.79,4.17,3.73,3.92,3.87
177,エスペリアイン日本橋箱崎（２０１８年１１月９日ＯＰＥＮ）,3.68,3.64,3.50,3.68,3.39,3.54,3.57
178,タマディアホテル羽田,4.39,4.11,4.51,4.26,4.06,4.03,4.33
179,帝国ホテル東京,4.76,4.78,4.77,4.84,4.78,4.70,4.65
180,イーホテル銀座（２０１８年１月１８日オープン）,4.11,4.22,4.33,3.87,4.15,3.19,3.66
181,シェラトン都ホテル東京,4.25,4.08,3.87,4.19,4.34,3.84,4.23
182,プレミアホテル－ＣＡＢＩＮ－新宿,4.23,4.02,4.13,4.07,4.01,3.51,4.32
183,変なホテル東京　浅草橋（２０１８年７月１３日オープン）,3.71,3.23,4.24,3.78,3.50,3.76,3.78
184,ホテルサンターガス大塚店,3.77,3.61,4.36,3.30,3.35,3.14,3.45
185,アパホテル＜人形町駅北＞,3.90,3.71,4.13,3.75,3.68,3.17,3.44
186,パレスホテル立川,4.35,4.15,4.61,4.40,3.97,3.84,4.00
187,ホテルアベスト目黒,3.08,3.04,4.13,3.04,2.87,2.46,3.36
188,変なホテル東京　西葛西（２０１７年１２月１５日オープン）,3.94,3.55,3.86,4.01,3.81,3.63,3.42
189,ホテル　アーバン＜ＨＯＴＥＬ　ＵＲＢＡＮ＞,4.06,4.00,4.38,3.97,3.91,3.81,3.50
190,ビジネスホテル　オーク・イン３　蒲田東口,4.05,3.79,4.17,3.71,3.58,3.29,3.33
191,ホテルユニゾ銀座一丁目,3.46,3.27,4.25,3.44,3.63,2.81,3.29
192,ホテルリブマックス豊洲駅前,4.07,3.65,4.45,3.88,3.87,3.62,3.67
193,ホテルマイステイズプレミア赤坂,4.32,4.03,4.30,4.32,4.21,4.18,3.79
194,アパホテル＜浅草　田原町駅前＞,4.09,3.88,4.53,3.89,3.86,4.41,3.82
195,西鉄イン新宿,4.21,3.94,4.43,4.37,3.90,3.64,3.92
196,ハイアット　リージェンシー　東京,4.45,4.27,4.48,4.59,4.43,4.18,4.63
197,第一ホテル東京,4.44,4.24,4.67,4.41,4.44,4.12,4.21
198,庭のホテル　東京,4.59,4.41,4.48,4.61,4.40,4.32,4.54
199,スーパーホテル東京・ＪＲ蒲田西口,4.19,4.07,4.01,4.12,3.93,3.43,4.29
200,ホテルイースト２１東京（オークラホテルズ＆リゾーツ）,4.12,4.09,3.88,4.16,4.05,3.93,4.13
201,アパホテル＜飯田橋駅南＞,3.88,3.67,4.29,3.84,3.77,3.43,2.73
202,スーパーホテルＬｏｈａｓ赤坂　高濃度人工炭酸泉～茜草の湯～,4.28,3.94,4.52,4.02,3.98,3.96,4.32
203,スーパーホテル品川・新馬場【高濃度人工炭酸泉　七福神の湯】,4.28,4.14,3.89,4.20,4.02,4.34,4.07
204,アパホテル＜三田駅前＞,3.48,3.27,4.14,3.46,3.47,3.22,3.13
205,ホテルトムス,3.97,3.99,3.35,3.91,3.61,3.42,3.38
206,ＨＯＴＥＬ　ＲＥＬＩＥＦ　Ｐｒｅｍｉｕｍ　羽田（ホテルリリーフプレミアム）,4.00,3.79,3.53,4.12,4.00,3.70,3.69
207,新宿区役所前カプセルホテル,3.81,3.67,4.32,3.57,3.77,3.73,3.62
208,グランドセントラルホテル＜東京都＞,4.23,4.22,3.96,4.01,3.90,3.44,3.97
209,ヴィラフォンテーヌ東京六本木,3.88,3.74,4.41,3.85,3.74,3.79,4.05
210,アパホテル＜神田駅東＞,3.63,3.30,3.76,3.52,3.54,3.00,2.94
211,アパホテル＜八丁堀駅南＞,3.81,3.76,4.32,3.73,3.79,3.31,4.44
212,ホテルマイステイズ御茶ノ水,4.22,3.98,4.31,4.05,3.94,3.70,3.79
213,ホテルメトロポリタン丸の内,4.41,4.20,4.77,4.23,4.23,4.00,4.33
214,ホテル　ザ　セレスティン東京芝（旧セレスティンホテル）,4.63,4.68,4.18,4.59,4.62,4.14,4.66
215,リッチモンドホテル東京武蔵野,3.92,4.00,3.89,4.16,4.00,3.50,4.08
216,ウェスティンホテル東京,4.21,4.14,4.64,4.79,4.29,3.92,4.36
217,セントラルホテル＜東京都＞,3.93,3.78,4.63,3.50,3.71,4.32,3.38
218,アパホテル＜八丁堀　新富町＞,3.90,3.62,4.00,3.79,3.90,3.51,3.58
219,ホテル　ブーゲンビリア新宿（旧ホテル　ラ・ガール・ドゥ・ラ　ヴィー新宿）,3.43,3.41,3.57,3.28,3.03,3.03,3.20
220,丸ノ内ホテル,4.27,4.42,4.89,4.50,4.43,3.69,4.21
221,新宿プリンスホテル,3.77,3.71,4.45,3.63,3.51,3.12,3.95
222,赤坂グランベルホテル,4.40,4.43,4.80,4.17,4.17,3.31,3.83
223,ホテル新橋三番館,4.03,3.74,4.37,3.84,3.79,3.73,3.85
224,ホテル　グランドヒル市ヶ谷,4.07,3.81,4.42,4.30,3.80,4.03,4.00
225,アパホテル＜上野駅前＞,4.02,3.67,3.93,4.09,3.79,3.45,4.00
226,ミレニアム三井ガーデンホテル東京,4.26,4.11,4.33,4.41,3.93,4.19,4.16
227,ホテルサトー・東京,3.29,3.13,4.50,3.01,2.71,2.76,3.42
228,ビジネスホテルソーシャル蒲田,3.69,3.50,3.97,3.38,3.29,3.15,3.00
229,ホテルスタープラザ池袋,3.73,3.47,4.03,3.61,3.24,3.14,3.47
230,ＪＲ東日本ホテルメッツ目白,4.30,4.05,4.92,4.30,4.12,3.95,3.98
231,ホテルマイステイズ蒲田,4.16,3.91,4.16,4.19,3.93,3.55,3.20
232,相鉄フレッサイン　銀座三丁目,4.38,4.09,4.51,4.18,4.19,3.85,4.56
233,ヴィラフォンテーヌ東京田町,4.10,3.97,3.83,4.30,4.11,3.93,3.85
234,サウナ＆カプセルホテル　ダンディ,3.89,3.69,4.25,3.61,3.57,3.82,3.57
235,相鉄フレッサイン　浜松町大門,3.92,3.76,3.87,3.94,3.79,3.65,3.52
236,ホテルリブマックス葛西駅前,3.95,3.78,4.03,3.95,3.78,3.55,3.53
237,ザ　ノット　東京新宿,4.35,3.65,3.82,4.41,3.76,3.82,4.86
238,ホテルサンターガス　上野店,3.62,3.60,4.22,3.22,3.08,2.64,3.46
239,ザ・ビー三軒茶屋,3.81,3.84,4.48,3.56,3.60,3.03,3.67
240,ＪＲ東日本ホテルメッツ国分寺,4.21,4.02,4.79,4.43,4.02,4.00,3.53
241,相鉄フレッサイン　東京京橋,3.99,3.62,4.28,3.86,3.73,3.59,3.53
242,カプセルホテル新宿５１０,4.02,3.83,4.02,3.71,3.81,3.76,3.43
243,ＨＯＴＥＬ　ＲＥＬＩＥＦ　Ｐｒｅｍｉｕｍ　羽田空港（ホテルリリーフプレミアム）,4.24,3.97,4.36,4.34,4.10,3.80,3.93
244,ヴィラフォンテーヌ東京日本橋三越前,3.76,3.60,3.76,3.70,3.57,3.29,3.43
245,ホテルリブマックス東京馬喰町,3.82,3.49,4.31,3.80,3.80,3.45,4.50
246,ホテル　ミッドイン・目黒駅前,3.56,3.63,4.31,3.75,3.69,3.19,3.00
247,ファーストキャビン（ＦＩＲＳＴ　ＣＡＢＩＮ）京橋（２０１７年４月１７日オープン）,3.88,3.74,4.14,3.85,3.82,3.90,3.90
248,ホテルマイステイズ羽田,4.12,3.73,4.14,4.21,3.84,3.72,3.98
249,ホテルリブマックス府中,3.31,3.25,3.71,3.27,3.20,2.76,3.20
250,アパホテル＜神田駅前＞,4.11,3.92,4.53,4.10,3.95,3.54,3.39
251,ANAインターコンチネンタルホテル東京,3.76,3.43,4.16,3.62,3.44,3.21,3.86
252,スーパーホテル浅草,4.35,4.27,4.33,4.20,4.14,3.52,4.26
253,ＪＲ東日本ホテルメッツ武蔵境,4.34,4.19,4.75,4.31,4.19,3.97,3.64
254,ホテル法華イン日本橋,4.19,4.02,4.15,4.19,4.02,3.41,3.38
255,ドーミーインＥＸＰＲＥＳＳ目黒青葉台,4.35,3.95,3.92,4.30,4.11,3.72,4.00
256,ベイサイドホテルアジュール竹芝・浜松町,3.83,3.55,4.18,3.52,3.50,3.70,3.81
257,アパホテル＜六本木駅前＞,4.03,3.85,4.70,3.91,3.76,3.29,4.23
258,ホテルマイステイズ立川,4.22,3.96,3.81,4.30,4.04,3.48,3.29
259,リーガロイヤルホテル東京,4.43,4.35,3.83,4.52,4.24,4.12,4.33
260,ヴィラフォンテーヌ東京茅場町,3.80,3.34,4.08,3.69,3.29,3.37,3.33
261,ホテル東京ガーデンパレス,4.37,4.30,4.55,4.38,4.23,4.27,4.18
262,アパホテル＜六本木一丁目駅前＞,3.80,3.78,4.14,3.73,3.85,3.34,4.00
263,赤坂陽光ホテル,3.62,3.53,3.86,3.31,3.32,2.95,3.42
264,ホテルユニゾ銀座七丁目,3.93,3.40,4.17,3.77,3.63,3.35,3.23
265,ホテルルートイン品川大井町,3.92,3.77,4.03,3.69,3.71,3.28,3.98
266,ホテル京阪　築地銀座グランデ（２０１８年１２月１４日新規オープン）,4.38,4.00,4.25,4.38,4.13,4.25,4.25
267,スーパーホテル新橋・烏森口,4.02,4.16,3.88,4.02,3.89,3.36,3.84
268,アパホテル＜ＴＫＰ日暮里駅前＞,3.92,3.66,4.27,3.89,3.89,3.56,3.95
269,変なホテル東京　銀座（２０１８年２月１日オープン）,3.68,3.46,4.12,3.89,3.61,3.63,3.12
270,豪華カプセルホテル　安心お宿プレミア　新橋汐留店,4.54,4.49,4.07,4.34,4.58,4.49,－－－－－
271,渋谷グランベルホテル,3.91,3.48,4.38,3.82,3.75,3.28,3.07
272,豪華カプセルホテル　安心お宿プレミア新宿駅前店,4.22,4.25,4.70,4.12,4.44,4.22,－－－－－
273,トーセイホテルココネ上野,4.36,4.36,4.82,4.27,4.27,3.60,4.60
274,ホテルモントレ赤坂,4.36,4.18,4.02,4.18,4.18,3.88,4.47
275,相鉄フレッサイン　東京六本木（２０１７年１０月１０日オープン）,4.17,3.83,4.60,4.14,3.90,3.76,3.90
276,スーパーホテル　ＪＲ池袋西口,4.00,4.03,4.34,4.16,3.91,3.34,3.95
277,三井ガーデンホテル上野,4.30,4.09,4.66,4.17,4.13,3.81,4.29
278,ホテルビスタ蒲田東京,3.95,3.79,4.04,4.16,3.69,3.36,4.00
279,銀座ベルビューホテル,4.04,4.00,4.72,3.55,3.60,3.17,3.55
280,スーパーホテルＪＲ上野入谷口,4.00,3.93,3.90,3.87,3.70,3.37,4.06
281,ホテルリブマックス秋葉原北,4.24,4.08,3.64,4.36,4.12,3.84,3.60
282,レム日比谷,4.02,4.04,4.59,4.22,4.04,3.34,3.31
283,くれたけインプレミアム浜松町,3.64,3.48,3.47,3.62,3.36,3.77,3.50
284,ホテルサンルート五反田,3.50,3.45,3.81,3.26,3.27,2.98,2.30
285,東急ステイ青山プレミア,4.34,4.16,4.61,4.19,4.46,3.74,4.35
286,ホテルマイステイズ五反田,3.90,3.68,3.88,3.90,3.87,2.91,4.14
287,センターホテル東京,3.61,3.48,3.84,3.48,3.33,2.97,2.98
288,サンメンバーズ東京新宿,3.94,3.94,3.74,3.90,3.47,3.09,4.22
289,御徒町ステーションホテル,3.33,2.94,3.88,3.03,2.80,2.77,3.00
290,サンホテル八王子,3.93,3.69,4.22,3.69,3.57,3.18,3.98
291,京王プラザホテル,4.17,4.18,4.46,4.30,4.19,3.95,4.31
292,ホテル　ニューパーク,3.58,3.36,4.17,3.37,3.24,3.00,3.47
293,綾瀬国際ホテル,3.80,3.51,4.40,3.53,3.44,3.21,3.20
294,レジデンシャルホテル　ビーコンテ浅草,4.68,4.34,4.58,4.65,4.40,3.67,4.05
295,ザ・ビー八王子,4.37,4.19,4.63,4.20,4.07,3.67,3.63
296,ホテルリブマックス新橋,3.78,3.53,3.55,3.76,3.75,3.42,4.00
297,アパホテル＜東新宿　歌舞伎町＞,3.64,3.64,3.73,3.61,3.70,3.63,2.80
298,スーパーホテル秋葉原・末広町　高濃度人工炭酸泉～藍染の湯～,4.24,4.16,3.91,4.04,3.91,3.86,3.95
299,ホテルニューオータニ,4.33,4.22,4.41,4.15,4.17,4.07,4.42
300,フォレスト・イン昭和館（オークラホテルズ＆リゾーツ）,4.52,4.39,4.31,4.52,4.35,4.34,4.42
301,ホテルリソル池袋,4.37,4.17,4.43,4.34,4.23,4.06,4.38
302,アパホテル＜京急蒲田駅前＞,4.08,3.85,4.36,4.08,3.82,3.46,3.77
303,スーパーホテル　東京・大塚,4.36,4.34,4.57,4.32,4.28,3.47,4.21
304,アーヴェストホテル蒲田（東口）,4.33,4.32,4.32,4.14,4.14,3.76,4.28
305,ホテルルートイン東京池袋,3.97,4.03,3.88,3.92,3.75,3.44,3.95
306,東急ステイ渋谷　（道玄坂上）,4.18,3.89,3.78,4.27,3.90,3.74,3.76
307,大森パークホテル,3.36,3.12,3.94,3.18,2.82,2.84,3.80
308,後楽ガーデンホテル,3.53,3.20,3.89,3.59,3.33,3.09,3.42
309,東急ステイ新橋,4.15,3.97,4.14,4.25,3.94,3.86,3.72
310,ホテル　オーエド＜HOTEL　OHEDO＞,3.89,3.67,4.04,3.63,3.41,3.16,4.07
311,ホテルグランドフレッサ　赤坂,4.12,3.88,4.64,4.05,3.99,3.70,3.60
312,両国ビューホテル,4.32,4.04,4.82,4.21,3.82,3.70,4.00
313,お茶の水イン,4.27,4.34,4.59,3.95,4.04,3.56,3.68
314,ロッテシティホテル錦糸町,4.39,3.99,4.73,4.39,4.26,4.09,4.02
315,カプセルイン蒲田,3.81,3.40,4.36,3.58,3.40,3.81,3.40
316,上野ステーションホステル　オリエンタル　２（旧：カプセルサウナ　ニューセンチュリー）,3.78,3.70,4.18,3.53,3.63,3.85,3.63
317,東京バニアンホテル,4.01,4.09,4.44,3.76,3.83,3.48,3.75
318,アネックス　チェックイン新橋,3.89,3.79,4.31,3.53,3.62,3.36,3.34
319,京急ＥＸイン品川・泉岳寺駅前（泉岳寺駅Ａ４出口）,4.06,3.94,4.15,4.17,4.10,3.77,3.78
320,ホテルグランドパレス（Hotel　Grand　Palace）,4.31,4.23,4.63,4.18,4.00,3.94,4.27
321,ホテルメンテルス大塚,3.75,3.87,3.81,3.60,3.28,3.20,4.14
322,スーパーホテル上野・御徒町,4.22,4.22,4.50,4.10,4.02,3.56,3.81
323,アパホテル＜小伝馬町駅前＞,3.82,3.62,4.10,3.75,3.67,3.53,3.88
324,アパホテル＜東日本橋駅前＞,4.07,3.87,4.57,4.04,3.89,3.63,3.57
325,かどやホテル＜東京都＞,3.89,3.79,4.56,3.70,3.63,3.32,3.84
326,ホテルリブマックス上野駅前,3.82,3.64,4.11,3.61,3.96,3.83,－－－－－
327,プラザイン羽村,4.14,4.09,4.34,4.04,3.99,4.06,4.18
328,銀座クレストン（旧東京新阪急ホテル）,4.13,3.83,3.87,4.39,3.78,3.55,3.83
329,ホテル　シェーナ,3.94,3.77,4.02,3.75,3.77,3.55,3.00
330,セルリアンタワー東急ホテル,4.53,4.33,4.58,4.50,4.52,4.25,4.32
331,ザ　ロイヤルパークホテル　東京羽田,4.18,3.91,4.83,3.98,4.09,3.91,3.88
332,ホテルマイステイズ浜松町,3.47,3.26,4.16,3.47,3.32,3.00,－－－－－
333,アパホテル＜秋葉原駅前＞,3.82,3.46,4.41,3.82,3.32,3.04,2.85
334,ホテル　メルディア　荻窪（旧：クラブイン荻窪）,4.07,4.03,4.13,3.83,3.58,3.40,4.00
335,スーパーホテルＰｒｅｍｉｅｒ銀座　天然温泉　奥湯河原の湯（２０１８年１０月１９日新規オープン）,4.28,4.24,4.56,4.31,4.19,4.21,4.18
336,ホテルマイステイズプレミア浜松町（旧アートホテルズ浜松町),4.12,3.86,4.08,4.25,3.83,3.45,3.76
337,ＳＰＡ＆ＨＯＴＥＬ　和,4.31,4.18,4.74,4.13,4.34,4.95,3.47
338,チサンイン蒲田,4.06,4.00,4.51,3.92,3.75,3.58,4.33
339,立川ホテル,3.78,3.51,3.69,3.61,3.35,3.48,2.67
340,ホテルフェリーチェ赤坂（２０１８年３月２９日オープン）,3.88,3.74,4.29,3.97,3.74,3.91,4.50
341,ホテル　ココ・グラン上野不忍（うえのしのばず),4.37,4.34,4.44,4.14,4.42,4.31,4.13
342,ホテルコンチネンタル,4.09,3.90,4.49,3.94,3.77,3.69,4.09
343,住庄ほてる,3.86,3.72,4.00,3.63,3.64,3.95,4.48
344,ホテル椿山荘東京,4.53,4.50,3.79,4.65,4.70,4.44,4.18
345,新宿ワシントンホテル　本館,3.84,3.83,3.78,3.64,3.82,3.54,3.89
346,東横イン品川港南口天王洲アイル,3.81,3.64,4.06,3.70,3.46,3.40,3.41
347,ベルケンホテル東京,3.99,3.82,3.79,4.16,3.69,3.70,4.00
348,ホテルリブマックス浅草橋駅前,4.15,3.83,4.35,3.96,4.04,3.66,4.00
349,吉祥寺東急ＲＥＩホテル,4.19,4.06,4.67,4.13,4.08,3.57,4.06
350,豪華カプセルホテル　安心お宿プレミア　荻窪店,4.35,4.17,4.23,4.15,4.47,4.23,4.26
351,ホテルサンルートパティオ大森,3.74,3.39,4.50,3.58,3.46,3.47,3.50
352,ホテルサンルート東新宿,4.07,3.83,4.51,3.92,3.79,3.62,3.89
353,セルメスイン日本橋,3.53,3.43,3.60,3.43,3.17,3.00,3.00
354,フレックステイイン飯田橋,4.21,3.94,3.97,4.06,3.91,3.45,－－－－－
355,ファーストキャビン　西麻布,4.00,4.01,3.87,4.08,4.08,4.32,4.22
356,豪華カプセルホテル　安心お宿　新橋駅前店,4.14,4.08,4.80,3.98,4.23,3.76,－－－－－
357,ホテル・ビジネスヴィラ大森,3.23,3.25,3.33,2.98,3.18,2.70,3.15
358,ホテルＪＡＬシティ羽田　東京,4.22,3.98,4.34,4.20,4.10,3.70,4.30
359,ホテルリブマックス東京新富町,3.75,3.38,3.75,4.13,3.88,3.29,－－－－－
360,アパホテル＜東新宿駅前＞,3.42,3.32,4.26,3.74,3.58,2.93,2.67
361,ベストウェスタンレンブラントホテル東京町田,4.05,4.03,4.19,4.15,3.96,3.49,4.03
362,ｇｌｏｂａｌ　ｃａｂｉｎ　東京水道橋（ドーミーインチェーン）,4.46,4.38,4.78,4.33,4.39,4.28,4.28
363,ヴィラフォンテーヌ東京大手町,3.86,3.71,3.79,4.04,3.71,3.62,3.61
364,アパホテル＜町田駅東＞,3.63,3.74,3.57,3.79,3.50,3.06,3.10
365,ホテル町田ヴィラ,3.64,3.36,4.20,3.26,3.13,3.37,3.44
366,ホテル　シャーウッド,4.00,3.70,4.04,3.78,3.89,3.37,3.63
367,アパホテル＜ＴＫＰ東京西葛西＞（２０１７年１２月１日オープン）,4.01,3.83,4.39,4.10,3.76,3.66,3.07
368,東急ステイ渋谷新南口,4.14,3.84,4.02,4.12,3.88,3.52,3.89
369,アーバイン東京・上野　北千住（２０１８年３月１６日グランドオープン）,4.28,3.99,4.43,4.23,3.88,3.76,3.80
370,アパホテル＜京成上野駅前＞,3.82,3.60,4.69,3.80,3.67,3.41,3.39
371,ストリングスホテル東京インターコンチネンタル,4.67,4.67,4.93,4.80,4.40,4.47,4.75
372,ダイヤモンドホテル,3.93,3.80,4.35,3.71,3.47,3.21,3.62
373,リッチモンドホテル東京芝,4.15,4.02,4.38,4.15,3.96,3.73,3.57
374,ＨＯＴＥＬ　ＡＸＡＳ　ＮＩＨＯＮＢＡＳＨＩ（ホテルアクサス日本橋）,4.47,4.00,4.27,4.37,4.23,4.38,5.00
375,ホテル京阪　浅草,4.08,3.85,4.07,4.01,3.83,3.51,3.93
376,政府登録ホテル白川郷,4.01,3.85,4.06,3.80,3.63,3.64,4.53
377,板橋センターホテル,4.41,4.18,4.38,4.38,4.09,3.97,4.00
378,アパホテル＜東京大島＞,3.57,3.48,3.29,3.63,3.68,3.35,2.82
379,ホテルリブマックス東銀座,4.06,3.56,4.34,3.87,3.76,3.54,3.67
380,レッドルーフ　イン蒲田／羽田　東京,4.12,3.85,3.91,4.27,3.83,3.56,3.32
381,ＪＲ九州ホテルブラッサム新宿,4.58,4.30,4.61,4.58,4.30,4.19,4.54
382,ＪＲ東日本ホテルメッツ田端,4.33,4.21,4.60,4.14,4.09,4.00,3.77
383,京王プラザホテル八王子,4.47,4.25,4.87,4.49,4.10,4.00,3.95
384,スーパーホテル東京・亀戸,4.04,4.08,3.96,4.00,3.85,3.34,3.87
385,アパホテル＜新富町駅前＞,3.79,3.55,4.16,3.76,3.58,3.23,3.25
386,ＪＲ東日本ホテルメッツ久米川,4.06,3.76,4.30,3.85,3.64,3.47,3.32
387,ＨＯＴＥＬ　ＬＥＯＮ　目黒,3.37,3.78,4.53,3.28,4.00,2.94,3.24
388,東口池袋ロイヤルホテル,2.87,2.68,4.10,2.74,2.75,2.61,4.33
389,ホテル・パークサイド＜東京／上野＞,3.83,3.63,4.18,3.70,3.66,3.56,3.84
390,ナインアワーズ蒲田,4.04,3.82,4.27,3.88,3.69,4.05,3.50
391,ホテルマイステイズ神田,4.02,3.73,3.63,4.02,3.76,2.86,－－－－－
392,イチホテル赤坂　ｂｙ　ＲＥＬＩＥＦ(２０１８年１１月３０日ＯＰＥＮ）,4.40,3.73,4.27,4.27,3.73,3.87,3.38
393,Ｒ＆Ｂホテル東京東陽町,3.96,3.64,4.43,3.81,3.25,3.41,3.72
394,ユニゾイン八丁堀,4.12,3.87,4.40,4.03,3.88,3.66,3.43
395,センチュリオンホテルグランド赤坂,4.23,3.95,4.55,3.87,3.57,4.00,4.00
396,ホテル日航立川　東京,4.41,4.38,3.91,4.49,4.15,3.76,4.07
397,三恵シティホテル八王子,3.55,3.48,3.41,3.45,3.35,3.16,4.00
398,フォーレスト本郷,4.33,4.21,4.29,4.42,4.17,3.91,4.07
399,ホテルマリナーズコート東京,4.00,3.84,3.45,3.61,3.52,3.37,3.92
400,FIRST　CABIN（ファーストキャビン）日本橋よこやま町,4.16,3.97,4.31,4.02,4.10,4.03,3.83
401,アパホテル＜築地駅南＞,3.77,3.33,3.97,3.37,3.46,2.93,3.50
402,東横イン府中南武線南多摩駅前,4.00,3.82,4.09,4.09,3.91,3.73,3.30
403,アパホテル＜新富町駅北＞（全室禁煙）,4.17,3.94,3.94,4.44,4.17,3.88,4.25
404,アパホテル＜浅草　雷門＞（全室禁煙）,4.14,3.76,4.43,4.10,3.96,3.77,4.11
405,ヴィラフォンテーヌ東京神保町,4.00,3.72,4.22,3.97,3.78,3.71,3.26
406,第一ホテルアネックス,4.00,3.68,4.64,4.12,3.89,3.65,4.18
407,ホテル　メンテルス巣鴨,3.70,3.45,4.33,3.33,3.12,2.89,3.00
408,カプセルホテル渋谷ー男性専用ー,3.91,3.68,4.42,3.60,3.62,3.92,3.54
409,フレックステイイン常盤台,3.37,3.11,4.00,3.21,3.16,2.74,－－－－－
410,ホテルリブマックス東上野,3.69,3.55,3.78,3.69,3.69,2.96,4.25
411,ＴＨＥ　ＨＯＴＥＬ　ＳＨＩＮＢＡＳＨＩ（ザ　ホテル新橋）,3.88,3.79,4.24,3.95,3.64,3.31,3.63
412,立川リージェントホテル,3.67,3.63,4.02,3.72,3.65,3.39,3.37
413,東横イン羽田空港１,3.80,3.46,4.46,3.54,3.39,3.36,3.42
414,ホテルリブマックス八王子駅前,4.17,4.03,4.00,4.07,4.29,4.17,3.00
415,ホテルサンシティ池袋,3.90,3.76,4.76,3.79,3.67,3.41,3.40
416,ザ・ビー池袋,3.73,3.55,4.35,3.67,3.37,3.48,3.30
417,豪華カプセルホテル　安心お宿秋葉原電気街店,4.24,4.16,4.60,4.19,4.46,3.97,3.71
418,フレックステイイン江古田,3.67,3.43,4.27,3.20,3.33,3.00,－－－－－
419,ホテルマイステイズ東池袋,3.69,3.69,3.67,3.46,3.51,2.85,3.50
420,日比谷シティホテル,3.88,3.79,3.79,4.00,3.96,3.79,3.94
421,ホテルリブマックス東京羽村駅前,3.40,3.30,3.80,3.23,3.23,2.87,2.67
422,ムスビー東京浜松町,3.71,3.48,4.25,3.70,3.59,3.35,3.00
423,ホテルリブマックス調布駅前,3.21,3.25,4.39,3.14,3.18,2.96,3.00
424,ヒルトン東京,4.33,3.67,4.50,4.33,3.83,3.17,4.00
425,東急ステイ四谷,4.12,3.88,4.63,4.35,3.98,3.88,3.44
426,ホテル　サニー,3.94,3.62,4.69,3.92,3.47,3.56,3.85
427,アイホテル日本橋,3.86,3.73,3.81,3.95,3.65,2.98,4.00
428,ベッセルイン上野入谷駅前（全室禁煙）,4.44,4.24,4.08,4.35,4.29,3.91,4.57
429,ホテルブーゲンビリア三ノ輪,3.86,3.59,3.84,3.57,3.29,3.22,3.71
430,ホテルニューショーヘイ,4.02,4.04,4.47,3.66,3.87,3.15,3.78
431,カプセル＆サウナ　池袋プラザ,4.03,3.77,4.14,3.74,3.73,3.81,3.71
432,ホテル　プリンセスガーデン,3.48,3.24,4.15,3.34,3.29,3.05,3.41
433,ホテルファミーＩＮＮ・錦糸町,4.20,3.86,4.59,3.94,3.82,3.94,3.77
434,ＭＡＹＵ東京ＷＯＭＡＮ（２０１８年４月オープン）,4.32,4.20,3.92,4.15,4.06,3.77,3.83
435,ホテルリブマックス東京木場,3.57,3.55,3.74,3.26,3.52,3.00,3.32
436,レジデンスホテル　ウィル新宿,3.24,3.21,3.56,3.20,3.12,2.77,3.83
437,赤羽プラザホテル,3.82,3.66,4.39,3.73,3.48,3.29,2.20
438,アパホテル＜日本橋浜町駅南＞,3.80,3.51,3.40,3.90,3.67,3.51,3.64
439,ＧＬＡＮＳＩＴ　ＡＫＩＨＡＢＡＲＡ（グランジット　秋葉原）,4.12,4.13,4.65,4.26,3.96,3.92,4.00
440,ホテルバー　グランティオス,4.37,4.15,4.50,4.33,4.32,4.08,4.00
441,ＨＯＴＥＬ　ＥＭＩＴ　ＳＨＩＢＵＹＡ（ホテルエミット渋谷）,4.21,4.07,4.14,4.00,3.92,3.62,3.89
442,三井ガーデンホテル日本橋プレミア　２０１８年９月１３日（木）オープン,4.55,4.52,4.77,4.61,4.40,4.48,4.36
443,センチュリオンホテル池袋,3.68,3.51,4.49,3.63,3.49,3.09,3.38
444,ホテルリブマックス日本橋箱崎,3.98,3.59,4.15,3.68,3.67,3.35,3.00
445,相鉄フレッサイン　東京蒲田,4.15,3.82,4.22,3.99,3.89,3.58,3.61
446,ホテルルートイン東京蒲田－あやめ橋－,4.27,4.08,4.15,4.41,3.96,4.22,4.13
447,東急ステイ五反田,4.50,4.21,4.81,4.46,4.23,3.98,3.83
448,二子玉川エクセルホテル東急,4.18,3.79,4.50,4.21,3.92,4.16,4.13
449,Ｒ＆Ｂホテル　蒲田東口,3.78,3.51,4.16,3.73,3.36,3.34,3.39
450,ツクバホテル,3.26,3.23,3.99,2.71,2.76,3.01,3.00
451,水月ホテル鴎外荘,3.60,3.51,3.58,2.98,3.17,3.48,4.00
452,ホテル雅叙園東京,3.86,3.57,4.00,4.43,3.86,4.00,4.33
453,アパホテル＜蒲田駅西＞,3.56,3.56,3.38,3.50,3.50,2.93,3.00
454,ホテル庵浅草,4.11,3.78,4.21,4.04,4.08,3.64,4.00
455,ホテルローズガーデン新宿,4.22,4.16,4.32,4.28,4.12,3.84,4.23
456,パークホテル東京,4.67,4.83,4.83,4.17,4.33,3.83,4.00
457,ミヤビイン蒲田,4.17,4.09,4.15,3.66,3.83,3.30,3.70
458,トーセイホテルココネ神田（２０１７年１２月１日オープン）,4.06,3.79,4.26,4.08,3.75,3.70,3.80
459,ホテル　ヒカリ,4.48,4.48,4.10,4.15,4.12,4.20,3.60
460,東急ステイ用賀,4.57,4.31,4.90,4.66,4.26,4.18,－－－－－
461,ホテルルートイン東京阿佐ヶ谷,4.17,4.02,4.23,3.94,3.94,3.47,4.09
462,ホテルルートインＧｒａｎｄ東京東陽町,4.28,3.83,4.22,4.22,4.14,4.24,4.24
463,センチュリオンホテル・レジデンシャル・赤坂,4.00,3.61,4.39,3.72,3.67,3.44,2.67
464,坂のホテル　トレティオ　お茶の水,3.73,3.53,4.14,3.78,3.40,3.11,3.83
465,ホテル　アクセラ,4.16,4.04,3.59,3.74,3.64,3.92,3.31
466,シティペンション　ゼム,4.41,4.41,4.14,4.21,4.34,4.03,4.48
467,大橋会館,3.87,3.49,4.31,3.46,3.35,3.22,3.47
468,ｇｌｏｂａｌ　ｃａｂｉｎ　東京五反田（ドーミーインチェーン）,3.95,3.90,4.29,3.83,3.91,4.13,4.06
469,スカイハートホテル小岩（旧ホテルスカイコート小岩）,3.85,3.54,4.31,3.62,3.44,2.83,3.25
470,ヴィラフォンテーヌ東京日本橋箱崎,4.11,3.75,3.79,4.25,3.80,3.85,3.94
471,新宿ホテル　パークイン,3.23,3.15,4.00,3.04,3.28,2.62,3.00
472,ホテルロイヤルオーク五反田,3.49,3.28,4.22,3.09,3.11,2.78,3.38
473,ＳＡＫＵＲＡ　ＳＫＹ　ＨＯＴＥＬ（桜スカイホテル）,4.22,3.89,4.24,4.38,4.00,4.00,3.64
474,アパホテル＜銀座　宝町＞,3.84,3.64,4.16,3.76,3.64,3.33,3.38
475,ベストウェスタン東京西葛西グランデ,4.12,4.00,4.06,4.34,4.14,3.94,3.92
476,三鷹シティホテル,2.86,2.87,3.26,2.89,2.77,2.60,3.00
477,ヴィラフォンテーヌ東京上野御徒町,3.77,3.57,3.10,3.83,3.65,3.62,3.55
478,ホテルアークタワー高円寺,4.05,3.86,4.57,3.95,3.93,3.65,4.00
479,アパホテル＜秋葉原駅電気街口＞,4.00,4.00,4.39,4.13,4.16,3.72,3.09
480,東京グリーンパレス,4.13,3.78,4.44,4.14,3.82,3.44,3.94
481,三井ガーデンホテル五反田（２０１８年６月２９日オープン）,4.23,3.84,4.40,4.39,4.10,4.08,4.32
482,ホテルリブマックス浅草橋駅北口,4.10,3.62,4.14,4.10,3.95,3.47,3.00
483,ホテルウィングインターナショナルプレミアム東京四谷,4.32,4.18,4.47,4.28,4.17,3.80,4.36
484,スパ＆カプセルホテル　グランパーク・イン巣鴨,4.03,3.82,4.42,3.82,3.83,3.97,3.73
485,品川東武ホテル（旧高輪東武ホテル）,4.17,4.00,4.17,4.29,4.00,3.64,3.81
486,ソラリア西鉄ホテル銀座,4.33,4.18,4.82,4.28,4.25,4.26,3.63
487,ホテルＳ＆Ｓ　モリタウン,4.08,3.88,4.38,4.00,3.69,3.28,3.33
488,東横イン西武池袋線東久留米駅西口,4.00,3.56,4.56,4.12,3.44,3.32,3.27
489,東急ステイ門前仲町,4.21,3.88,4.52,4.23,3.87,3.59,3.81
490,大森東急ＲＥＩホテル,4.02,3.80,4.91,3.80,3.79,3.31,4.00
491,ザ・ビー赤坂,3.58,3.58,3.32,3.63,3.50,3.00,3.25
492,ホテル日本橋サイボー,4.20,4.26,4.54,3.89,4.25,3.77,3.24
493,東京・青梅石神温泉　清流の宿　おくたま路,4.32,4.40,4.28,4.48,3.96,3.72,4.35
494,ホテルＮＥＯ東京,4.29,4.00,4.22,4.00,3.90,4.06,5.00
495,ザ・ビー赤坂見附,3.76,3.16,4.60,3.60,3.40,3.04,3.57
496,ザ・スクエアホテル銀座（２０１８年１１月９日ＯＰＥＮ）,3.86,3.67,4.24,3.95,3.21,4.00,3.33
497,ホテルマイステイズ浅草橋,3.85,3.82,4.29,3.71,3.71,3.34,－－－－－
498,京急ＥＸイン　東銀座（２０１６年８月２５日新規オープン）,4.35,4.25,4.63,4.29,4.19,3.93,3.92
499,スーパーホテル品川・青物横丁,4.21,4.21,3.90,4.16,3.98,3.42,4.07
500,ホテル　ラ　フィレンツェ,4.29,4.34,4.14,4.09,4.14,4.17,3.61
501,アパホテル＜浅草橋駅北＞,3.65,3.42,4.08,3.91,3.37,3.65,3.65
502,上野ステーションホステル　オリエンタル　３（旧：カプセルホテル　センチュリー）,3.53,3.49,4.08,3.44,3.43,3.70,2.94
503,奥多摩の風　はとのす荘,4.85,4.64,4.58,4.85,4.62,4.00,4.50
504,マロウドイン赤坂,3.42,3.46,3.71,3.13,3.15,2.96,3.52
505,ファミリーリゾート・フィフティーズｆｏｒ舞浜,3.45,3.55,3.78,2.94,3.06,2.80,3.56
506,羽田イン,4.07,4.02,4.17,4.00,3.53,3.68,3.60
507,ホテルセブンシーズ銀座,3.56,3.56,4.06,3.56,3.41,3.06,4.33
508,スーパーホテル東京・錦糸町駅前　男女別人工炭酸　北斎の湯,4.40,4.17,4.59,4.41,4.00,4.17,4.03
509,サウナ＆カプセルホテル　北欧,4.29,3.93,4.61,3.84,3.92,4.34,3.93
510,銀座グランドホテル,3.73,3.56,4.63,3.46,3.32,3.25,3.95
511,ザ・センチュリオン　クラシック赤坂,3.76,3.82,4.06,4.41,3.76,3.73,3.00
512,ホテルリブマックス日暮里,3.59,3.37,3.85,3.15,3.52,2.85,－－－－－
513,ホテル浅草＆カプセル,3.60,3.20,4.13,3.12,2.94,3.52,4.00
514,イーホテル東新宿,3.72,3.44,4.22,3.44,3.24,2.67,4.67
515,ホテル新宿屋＜町田市＞,3.98,3.66,4.24,3.85,3.45,3.54,3.53
516,ホテルウィングインターナショナル新宿,3.86,3.77,4.36,4.14,3.96,3.57,4.00
517,ホテルウィングインターナショナル池袋,4.20,4.37,3.68,3.88,4.24,3.17,3.25
518,アパホテル＜日本橋　馬喰町駅北＞（２０１８年４月１３日オープン）,3.92,3.65,4.08,4.13,3.96,3.50,3.75
519,はとバス直営　銀座キャピタルホテル,3.98,3.72,4.23,3.65,3.40,3.27,4.19
520,ヴィアイン浅草,4.04,3.72,4.04,4.15,3.75,3.20,3.63
521,ザ・ビー東京新橋,4.00,3.96,4.04,3.96,4.00,3.64,4.18
522,シーサイド　イン　大森,3.59,3.32,4.26,3.35,3.17,3.59,4.09
523,ホテルステイシード　大田馬込駅前,4.03,3.93,4.33,3.64,3.81,3.19,4.19
524,Ｒ＆Ｂホテル大塚駅北口,3.78,3.47,4.63,3.53,3.02,3.11,3.40
525,渋谷ストリームエクセルホテル東急（２０１８年９月１３日オープン）,4.00,3.75,4.25,4.38,3.88,3.88,3.50
526,東急ステイ池袋,4.15,3.92,4.14,4.18,3.86,3.84,3.35
527,カプセルホテル　リード・イン　大森,3.91,3.69,3.91,3.55,3.71,3.80,3.70
528,Ｒｅｓｉｄｅｎｔｉａｌ　Ｈｏｔｅｌ　ＩＫＩＤＡＮＥ　Ｍａｃｈｉｙａ（レジデンシャルホテル粋だね町屋）,5.00,4.43,4.14,5.00,4.43,4.67,5.00
529,東京・湯河原温泉　万葉の湯,4.09,4.09,3.82,3.73,4.12,4.50,3.79
530,相鉄フレッサイン　御茶ノ水神保町,4.00,3.80,4.14,3.87,3.91,3.58,2.96
531,ホテル機山館,3.39,3.45,4.11,3.14,3.03,2.79,3.25
532,スーパーホテル東京・赤羽,4.23,4.30,3.93,4.19,4.23,3.80,4.03
533,ホテル　ラングウッド,3.97,3.94,4.61,3.94,3.91,3.77,3.89
534,ＢｕｍＢ（ぶんぶ）東京スポーツ文化館,4.17,3.88,3.54,4.22,3.69,4.02,3.74
535,東急ステイ銀座,4.56,4.23,4.78,4.35,4.30,3.84,4.10
536,相鉄フレッサイン　日本橋人形町,3.75,3.62,3.80,3.74,3.56,3.44,2.78
537,ＴＯＫＩＯ’ｓ　ＨＯＴＥＬ,3.92,3.81,4.24,3.90,3.82,3.47,3.56
538,展望大浴場　あさひ湯　ドーミーインＥＸＰＲＥＳＳ浅草,3.90,3.73,4.41,3.81,3.81,3.89,3.78
539,ＣＡＮＤＥＯ　ＨＯＴＥＬＳ（カンデオホテルズ）東京六本木,4.54,4.23,4.85,4.38,4.15,4.73,4.00
540,センチュリオンホテル上野,3.68,3.86,4.09,3.32,3.55,3.14,3.25
541,アパホテル＜御徒町駅北＞Ｓ,3.14,3.36,4.00,3.21,3.00,2.83,－－－－－
542,ヴィラフォンテーヌ東京八丁堀,3.36,3.27,3.64,3.47,3.33,3.20,3.11
543,ホテル　ベルクラシック東京,4.64,4.51,4.70,4.64,4.55,4.38,4.14
544,東京グランドホテル,4.00,3.93,4.13,4.03,3.69,3.26,3.82
545,東横イン京浜東北線王子駅北口,4.04,3.84,3.88,4.16,3.60,3.84,3.43
546,ホテルマイステイズ上野イースト,3.97,3.81,3.84,4.14,3.95,3.57,4.20
547,アパホテル＜日本橋　馬喰町駅前＞（全室禁煙）（２０１８年１２月１３日オープン）,4.38,4.38,4.50,4.38,3.75,4.14,3.25
548,ＣＡＮＤＥＯ　ＨＯＴＥＬＳ（カンデオホテルズ）上野公園,3.82,3.36,3.82,4.00,3.76,3.68,3.70
549,ビジネスホテル　オーク昭島,3.79,3.58,4.11,3.53,3.45,3.06,3.94
550,マロウドイン東京（府中）,3.41,3.43,4.30,3.25,3.20,2.81,3.71
551,ホテルリブマックス後楽園,3.25,3.39,3.11,2.96,3.39,2.81,4.00
552,アパホテル＜東新宿　歌舞伎町東＞,3.55,3.50,4.30,3.90,3.78,4.25,3.00
553,第一イン池袋,3.86,3.78,4.65,3.84,3.43,2.93,3.47
554,ホテル　ブーゲンビリア板橋（旧　ホテル　ラ・ガール　ドゥラヴィー板橋）,3.71,3.63,4.42,3.57,3.31,3.17,4.33
555,カプセル　イン　大塚,3.54,3.38,4.64,3.43,3.59,3.08,3.00
556,スマイルホテル日本橋三越前（旧：鴨川イン日本橋）,3.94,3.88,4.24,3.63,3.43,3.17,3.93
557,東急ステイ目黒・祐天寺,4.23,4.00,4.55,4.27,4.05,3.50,－－－－－
558,ホテルマイステイズ西新宿,3.59,3.53,4.00,3.76,3.59,3.44,－－－－－
559,恵比寿ホリックホテル（２０１８年７月ＮＥＷオープン）,3.74,3.42,3.84,3.84,3.74,3.58,2.78
560,相鉄フレッサイン　日本橋茅場町（２０１８年９月１日リニューアルオープン）,3.84,3.70,4.23,3.71,3.65,3.39,3.43
561,フレックステイイン白金,3.80,－－－－－,－－－－－,－－－－－,－－－－－,－－－－－,－－－－－
562,浅草橋ベルモントホテル,3.70,3.63,4.11,3.60,3.29,3.32,3.62
563,センチュリオンホテル＆スパ上野駅前,3.82,3.48,4.30,3.73,3.50,3.69,3.00
564,東横イン東京八王子駅北口,4.00,3.65,4.21,4.09,3.53,3.42,3.48
565,アーヴェストホテル大森,4.14,4.14,4.57,4.12,3.94,3.66,3.65
566,Ｒ＆Ｂホテル上野広小路,3.68,3.46,4.27,3.47,3.22,2.98,3.39
567,アクトホテル六本木,4.10,3.86,4.57,4.00,4.00,3.44,4.00
568,上野ステーションホステル　オリエンタル　１（旧：カプセルホテル　オリエンタル）,3.73,3.65,4.31,3.67,3.53,3.71,3.33
569,東急ステイ水道橋,4.34,4.09,4.70,4.40,4.04,3.85,4.25
570,新宿ワシントンホテル　新館,3.70,3.45,3.72,3.69,3.40,3.17,3.81
571,新宿グランベルホテル,4.05,3.83,3.58,4.10,3.97,3.75,3.81
572,ビジネス千成（せんなり）ホテル,3.67,3.73,4.20,3.67,3.24,2.83,3.41
573,渋谷エクセルホテル東急,4.14,3.93,4.86,4.25,3.86,3.78,3.87
574,ホテルザセレスティン銀座,4.55,4.64,4.55,4.64,4.45,4.64,4.88
575,三井ガーデンホテル大手町（２０１８年６月１７日オープン）,4.06,4.00,3.91,4.27,4.06,4.12,3.42
576,Ｒ＆Ｂホテル東日本橋,3.74,3.54,4.00,3.51,3.29,3.16,3.58
577,ホテル中央館,4.32,3.92,4.28,4.24,3.79,3.36,3.82
578,Ｒ＆Ｂホテル八王子,3.78,3.56,4.12,3.63,3.24,3.24,3.39
579,上野ファーストシティホテル,3.58,3.53,3.87,3.49,3.33,3.38,4.28
580,ホテルモントレ半蔵門,4.33,3.99,4.59,4.16,3.95,3.76,3.96
581,ホテルリブマックス北府中,4.21,4.20,3.07,3.80,4.27,3.79,3.00
582,ヴィラフォンテーヌ東京新宿,3.85,3.80,3.45,3.95,3.65,3.95,3.83
583,ドシー五反田（２０１８年４月２０日オープン）,3.41,3.32,4.15,3.18,3.14,3.12,3.78
584,東横イン羽田空港２,3.59,3.57,4.33,3.44,3.26,3.25,2.97
585,ホテルウィングインターナショナル後楽園,4.22,4.38,4.18,3.53,4.26,3.43,3.76
586,東横イン東京駅新大橋前,3.80,3.60,3.45,3.85,3.29,3.51,3.66
587,アリエッタ　ホテル＆トラットリア,3.95,3.79,4.08,3.89,3.84,3.76,3.53
588,第一ホテル東京シーフォート,4.33,3.98,4.55,4.23,3.88,3.43,4.15
589,イチホテル上野新御徒町［ｂｙリリーフ］（２０１８年９月１５日ＯＰＥＮ）,4.07,3.82,3.61,4.29,3.62,3.80,2.62
590,秋葉原ワシントンホテル,4.20,4.11,4.79,4.13,3.97,3.84,4.28
591,カプセル＆サウナ　コスモプラザ赤羽,4.25,4.00,4.31,3.98,3.98,4.07,3.50
592,八王子ホテルニューグランド,4.09,3.91,3.80,4.04,3.91,3.72,3.50
593,スマイルホテル東京阿佐ヶ谷,3.63,3.71,4.52,3.65,3.45,3.25,2.89
594,ホテルグレイスリー田町,4.40,4.28,4.23,4.11,4.19,3.66,4.50
595,銀座国際ホテル,3.78,3.45,4.57,3.51,3.12,2.96,2.71
596,コンフェスタイン河辺,3.50,3.38,4.13,3.33,3.17,3.05,3.36
597,スマイルホテル巣鴨　（旧：鴨川イン巣鴨）,4.04,3.82,4.40,3.78,3.60,3.37,3.70
598,相鉄フレッサイン東京神田（２０１８年３月１５日オープン）,3.98,3.61,3.72,3.80,3.69,3.65,2.68
599,調布クレストンホテル,3.44,3.61,4.42,3.50,3.06,2.71,3.50
600,ホテルリブマックス赤羽駅前,4.19,3.87,4.69,4.06,4.00,3.47,5.00
601,東急ステイ西新宿,4.21,3.94,4.09,4.31,4.06,3.96,3.71
602,ＭｙＣＵＢＥ　ｂｙ　ＭＹＳＴＡＹＳ浅草蔵前（マイキューブバイマイステイズ）,4.15,3.89,4.50,4.19,4.20,3.58,3.13
603,東横イン町田駅小田急線東口,3.90,3.74,4.00,4.03,3.53,3.43,3.58
604,水道橋グランドホテル,3.81,3.70,4.29,3.45,3.34,3.22,3.79
605,ザ・ビー六本木,3.73,3.67,4.67,3.92,3.50,2.92,3.25
606,フレックステイイン品川,3.85,3.67,3.83,3.75,3.33,3.00,5.00
607,東横イン新宿御苑前駅３番出口,3.82,3.73,4.09,4.36,3.18,3.78,3.50
608,ホテル庵築地,4.22,3.81,4.47,4.10,3.93,3.52,3.00
609,ＨＯＴＥＬ松本屋１７２５,4.04,3.89,4.44,4.29,3.71,3.62,3.48
610,ホテル　アマネク　浅草吾妻橋スカイ（２０１８年４月１８日オープン）,3.91,3.82,3.84,3.66,3.71,3.90,3.57
611,フレックステイイン巣鴨,3.33,2.91,3.64,3.55,2.91,3.09,－－－－－
612,ＳＡＫＵ　ＲＥＮ　ＪＩＭＢＯＣＨＯ（サクレン神保町）,4.53,4.36,4.75,4.42,4.59,4.17,4.30
613,久米川ウィングホテル,3.82,3.91,3.45,4.00,3.82,3.45,3.90
614,スパ＆カプセルホテル　グランパーク・イン北千住,3.91,3.79,4.04,3.72,3.79,3.57,3.78
615,八丈島　ホテル　リゾートシーピロス　＜八丈島＞,4.62,4.50,4.92,4.67,4.08,3.73,4.25
616,マロウドイン八王子,3.35,3.35,4.00,3.27,3.03,2.92,3.41
617,東横イン新宿歌舞伎町,3.58,3.16,3.70,3.70,3.18,3.10,3.19
618,東急ステイ日本橋,4.22,4.05,4.22,4.30,3.97,3.83,3.64
619,ホテル　タチバナ,4.15,3.61,4.57,3.43,3.38,3.09,－－－－－
620,ホテルリブマックス府中アネックス,2.70,3.04,3.00,2.45,2.83,2.24,2.50
621,カプセルバリュー神田,3.62,3.30,4.57,3.52,3.33,3.23,－－－－－
622,ホテルインターゲート東京京橋（２０１８年４月新規オープン）,4.17,4.08,4.43,4.02,3.93,3.88,4.29
623,入谷ステーションホテル,3.35,3.26,4.26,2.88,2.85,2.56,3.50
624,三田会館,4.01,3.72,4.11,3.97,3.67,3.65,3.12
625,スーパーホテル新宿歌舞伎町,4.07,4.07,3.90,4.07,3.83,3.80,4.38
626,ホテルテトラ赤羽,3.69,3.65,4.34,3.35,3.23,2.87,4.17
627,ザ・ビー水道橋,3.72,3.72,3.66,3.65,3.62,3.75,2.90
628,ホテルバー　グランティオス別邸,4.20,4.09,4.33,4.15,4.09,3.93,4.70
629,ＦＩＲＳＴ　ＣＡＢＩＮ（ファーストキャビン）愛宕山,3.70,3.75,3.48,3.91,3.82,3.74,3.86
630,東京駅前ＢＡＹ　ＨＯＴＥＬ（旧　東京日本橋ＢＡＹ　ＨＯＴＥＬ）,4.05,3.73,4.37,3.98,3.80,3.55,4.00
631,ホテル　サンライト新宿,3.87,3.80,3.92,3.67,3.44,3.33,3.92
632,東横イン東京秋川駅北口,4.00,3.44,4.44,3.89,3.47,3.31,3.69
633,ホテル　ルミエール西葛西,3.89,3.83,4.09,3.72,3.66,3.40,3.49
634,オリンピックイン渋谷,3.79,3.95,4.58,3.58,3.32,2.83,4.40
635,大塚ステーションホテル,3.28,2.97,4.35,2.83,2.77,2.50,3.20
636,ビジネスホテル梅月,3.60,3.33,4.20,3.47,3.13,3.29,1.00
637,ザ・カナーンホテル,4.13,3.74,4.10,4.10,3.74,3.84,3.82
638,リードパークリゾート八丈島　＜八丈島＞,4.13,4.50,3.50,4.38,4.13,4.38,4.14
639,ホテルマイステイズ上野入谷口,3.91,4.09,3.96,3.79,3.70,2.71,4.17
640,ベストウェスタン東京西葛西,3.83,3.67,4.34,3.64,3.64,3.11,3.88
641,ホテルレックス立川,3.81,3.76,4.00,3.95,3.86,3.35,3.67
642,インソムニア　赤坂,4.25,3.88,4.63,4.50,4.00,3.38,5.00
643,ＦＩＲＳＴ　ＣＡＢＩＮ（ファーストキャビン）　築地,4.08,3.96,4.51,3.85,3.73,3.81,3.69
644,カプセルホテル　レインボー総武線・葛飾区・新小岩店,3.96,3.94,4.41,3.82,3.76,4.04,3.97
645,ホテルグレイスリー銀座,4.16,4.00,4.68,3.97,3.78,3.97,4.63
646,瑞江第一ホテル,3.59,3.41,4.29,3.50,3.23,3.09,3.17
647,フレックステイイン中延,3.50,3.25,3.75,3.42,3.33,2.92,－－－－－
648,立川アーバンホテル,3.90,3.88,4.14,3.70,3.80,3.71,3.69
649,ホテルニュースター池袋,3.31,3.13,3.75,3.19,3.44,2.87,3.67
650,センチュリオンキャビン＆スパレディース赤坂,3.94,4.06,4.82,4.00,4.13,3.69,4.00
651,ホテルテトラ池袋（旧：ビジネスホテル西池）,3.50,3.45,4.30,3.45,3.21,3.07,－－－－－
652,ビジネスホテルサンライト本館,3.46,3.46,3.79,3.38,3.21,3.14,3.06
653,ホテル　エドアイト,3.42,3.50,3.50,3.08,2.92,2.75,4.00
654,カプセルランド　湯島,3.65,3.49,4.13,3.57,3.44,3.46,2.83
655,ナインアワーズ北新宿,4.07,3.50,4.60,4.10,3.74,3.79,3.50
656,ファーストキャビン（ＦＩＲＳＴ　ＣＡＢＩＮ）秋葉原,4.14,4.04,4.26,4.08,4.03,3.94,3.59
657,吉祥寺第一ホテル,4.04,3.85,4.24,4.00,3.65,3.68,4.29
658,東横イン池袋北口２,3.86,3.79,3.96,3.79,3.50,3.62,3.71
659,スーパーホテル東京・JR新小岩,4.26,4.31,4.50,4.35,4.19,3.54,4.11
660,サイプレスイン東京,4.14,3.69,4.68,4.19,3.78,3.63,4.00
661,東急ステイ蒲田,4.33,4.08,4.43,4.41,4.03,4.08,3.58
662,センチュリオンホテルレジデンシャル　キャビンタワー,3.70,3.43,4.37,3.35,3.40,3.12,3.50
663,くれたけイン東京船堀,3.82,3.75,4.20,3.61,3.52,2.78,3.40
664,ザ・ビーお茶の水,3.67,3.33,4.17,3.83,3.17,3.33,3.00
665,ホテル法華クラブ浅草,4.34,4.13,3.94,4.00,3.89,3.68,4.63
666,芝パークホテル,3.89,4.00,4.22,3.67,3.89,3.56,4.00
667,アーバンホテル　ツインズ調布,3.61,3.79,4.58,3.58,3.35,3.09,3.60
668,東京木場ホテル,3.25,3.10,3.90,3.29,3.05,3.10,2.50
669,東京グリーンホテル後楽園,4.07,3.88,4.73,3.79,3.58,3.39,3.71
670,スマイルホテル東京日本橋,3.76,3.32,4.39,3.49,3.55,3.26,3.88
671,ＣＯＭＭＵＮ　ＳＨＩＢＵＹＡ（コミュン　渋谷）,3.62,3.38,3.81,3.52,3.68,3.27,2.50
672,都市センターホテル（リーガロイヤルホテルグループ）,4.21,3.76,4.27,4.12,3.80,3.50,3.74
673,日本橋室町ＢＡＹ　ＨＯＴＥＬ（日本橋室町ベイホテル）,4.13,3.91,4.33,3.89,3.97,3.71,3.64
674,イビス東京新宿,3.80,3.67,4.27,3.60,3.64,3.29,3.50
675,ホテルＷＢＦ東京浅草（２０１８年７月ＯＰＥＮ）,3.95,3.86,3.65,4.26,3.93,4.12,3.80
676,ホテルマイステイズ日暮里,3.55,3.36,3.95,3.23,3.14,2.76,3.43
677,池袋ロッヂング,4.51,4.38,4.41,4.30,4.12,3.82,4.00
678,ホテルカデンツァ光が丘,3.84,3.72,3.67,4.08,3.60,3.40,3.47
679,春日旅館,4.14,3.86,4.45,3.50,3.05,3.95,4.00
680,シティホテル弘城,4.16,3.83,4.62,3.58,3.66,3.19,3.84
681,ホテル　ブーゲンビリア曙橋,3.27,3.09,3.64,3.09,3.00,2.91,3.00
682,ＳＯＨＯ浅草,3.35,3.22,2.61,3.22,3.13,2.71,3.00
683,Ｈｏｐ　Ｓｔｅｐ　Ｉｎｎ,3.95,3.97,3.92,3.63,3.61,3.76,3.40
684,東横イン東西線西葛西,3.56,3.59,3.72,3.47,3.34,3.22,3.39
685,ビジネスホテル　バン,3.80,3.87,4.27,3.47,3.58,3.41,3.93
686,ファーストキャビン日本橋水天宮,4.33,4.22,3.89,4.00,4.00,4.11,4.00
687,西立川ビジネスホテル,4.15,3.70,4.75,4.05,3.40,3.20,－－－－－
688,ＴＨＥ　ＳＨＡＲＥ　ＨＯＴＥＬＳ　ＬＹＵＲＯ　東京清澄,4.25,4.00,3.85,3.90,3.80,4.24,3.33
689,サウナ＆カプセル　ニューウイング,4.72,4.63,4.70,4.63,4.71,4.76,4.59
690,ホテルリブマックス大森駅前,3.11,3.00,4.17,2.61,3.06,2.63,－－－－－
691,ホテル　ニューウエノ,3.81,3.53,4.83,3.33,3.42,3.36,3.45
692,ＭＵＳＴＡＲＤ　ＨＯＴＥＬ　ＳＨＩＢＵＹＡ,3.29,3.00,3.86,3.14,2.86,2.71,4.14
693,フレックステイイン東十条,3.23,3.14,4.05,2.77,3.05,2.82,－－－－－
694,東横イン福生駅前東口,3.80,3.47,4.67,3.87,3.07,3.14,3.20
695,ホテル京阪　東京四谷（２０１８年１２月２１日リブランドオープン）,4.00,3.50,4.67,4.33,4.17,3.83,5.00
696,ホテル　セレッソ,4.04,3.80,3.87,3.80,3.78,3.45,4.05
697,東京プラザホテル,3.87,3.67,4.47,3.80,3.47,3.00,3.83
698,東横イン東京日本橋,3.69,3.25,3.81,3.31,2.94,3.00,3.42
699,ホテル　アマネク　浅草駅前,3.82,4.00,4.42,3.58,4.00,4.27,3.00
700,ナインアワーズウーマン神田,3.80,3.78,4.48,3.99,3.38,3.70,2.33
701,東横イン立川駅北口,3.20,3.40,3.40,3.48,3.15,3.00,2.89
702,ＨＯＴＥＬ　ＮＡＫＡＹＡＭＡ,4.21,4.07,4.43,4.36,4.64,3.64,4.00
703,相鉄フレッサイン　上野御徒町（２０１７年１１月１０日オープン）,4.19,3.93,4.55,4.13,3.94,3.83,3.50
704,ファーストキャビンＴＫＰ市ヶ谷（２０１８年１１月１５日グランドオープン）,4.17,4.21,4.71,4.13,4.00,4.17,4.25
705,ホテル　アルカトーレ六本木,3.83,3.48,4.68,3.52,3.22,3.25,2.83
706,ビジネスホテル一茶,4.23,4.29,4.00,3.93,3.57,3.31,4.00
707,立川アーバンホテルアネックス＜別館＞,3.88,3.73,4.12,3.85,3.72,3.43,3.63
708,ナインアワーズ赤坂,3.76,3.36,4.04,3.90,3.02,2.93,4.00
709,旅館　栄進館,4.14,4.18,4.39,3.68,3.86,3.33,4.21
710,ビジネスホテルサンライト別館,3.53,3.39,4.24,3.06,2.63,2.80,3.36
711,ホテル　ルミエール葛西,4.28,4.12,4.42,4.12,4.00,4.02,4.10
712,サウナ＆カプセル　サンフラワー,4.17,4.33,4.89,4.22,4.28,4.00,3.50
713,東急ステイ築地（旧：東急ステイ東銀座）,3.94,3.88,4.39,3.82,3.62,3.53,2.25
714,かんぽの宿　青梅,4.24,4.24,4.07,4.41,4.03,4.03,3.90
715,ザ・プリンス　さくらタワー東京,4.80,4.73,4.86,5.00,5.00,4.93,4.75
716,ホテルモントレ銀座,4.39,4.00,4.44,4.39,4.33,3.89,4.57
717,浅草ホテル　和草,4.03,3.93,3.81,3.64,3.76,3.56,5.00
718,ホテルルートイン五反田,3.90,3.77,3.06,3.85,3.70,4.16,4.02
719,ＢＯＯＫ　ＡＮＤ　ＢＥＤ　ＴＯＫＹＯ　ＳＨＩＮＪＵＫＵ,4.06,3.81,4.29,3.81,3.44,3.33,4.38
720,大塚タウンホテル,3.93,3.83,4.00,3.79,3.66,3.55,－－－－－
721,鳳明館　本館・台町別館,4.63,4.63,4.38,4.63,4.00,4.38,4.60
722,新宿アーバンホテル,4.45,4.62,4.39,4.31,4.36,3.61,4.86
723,東急ステイ新宿,4.25,4.00,4.48,4.17,3.91,3.67,4.00
724,東横イン品川青物横丁駅,3.51,3.23,4.37,3.26,3.03,3.09,3.14
725,西鉄イン日本橋,4.13,3.90,3.98,3.98,3.80,3.61,3.76
726,リバーサイドホテル墨田・江東,3.73,3.60,4.47,3.40,3.07,3.00,2.00
727,東京さぬき倶楽部,3.26,3.33,4.19,2.79,2.94,2.87,3.71
728,ビジネスホテル元春,4.00,3.85,4.52,3.70,3.33,3.04,－－－－－
729,ａｌｍｏｎｄ　ｈｏｓｔｅｌ　＆　ｃａｆｅ,3.93,3.83,4.40,3.70,3.56,3.48,3.67
730,ホテル丸忠　ＣＬＡＳＳＩＣＯ,3.76,3.47,3.45,3.50,3.53,3.77,3.50
731,女性だけが泊まれるカプセルホテル　秋葉原ＢＡＹ　ＨＯＴＥＬ（秋葉原ベイホテル）（２０１６年５月２６日,4.25,4.16,4.36,4.04,4.21,3.77,3.20
732,東横イン池袋北口１,4.04,3.80,4.04,4.08,3.64,3.60,3.50
733,府中アーバンホテル別館,4.18,4.03,4.55,4.00,3.80,3.50,4.00
734,ホテル　サン・モリシタ,3.47,3.27,3.93,3.13,3.33,2.71,3.00
735,ホテルマイステイズ浅草,3.31,3.29,3.29,3.00,3.29,2.42,－－－－－
736,フレックステイイン清澄白河,3.85,3.62,3.92,3.69,3.62,3.38,－－－－－
737,ホテルマック西日暮里,3.50,3.32,3.91,3.18,3.50,2.90,3.50
738,ホテルサードニクス上野,4.32,4.17,4.54,4.31,4.25,3.82,3.62
739,ＳＴＡＹＴＯ　ＨＯＴＥＬ（旧：オークホテル）,3.06,3.29,3.53,3.06,2.82,2.67,4.00
740,渋谷東武ホテル,3.63,3.44,4.04,3.56,3.59,3.15,3.25
741,スパ＆ホテル　八王子温泉やすらぎの湯（旧：ホテルグランスパ）,4.21,3.96,4.33,3.83,4.04,4.50,3.60
742,ホテルウィングインターナショナルセレクト上野・御徒町（２０１８年５月オープン）,4.18,4.07,4.49,4.16,4.10,3.91,3.61
743,ナインアワーズ竹橋（２０１８年３月３０日オープン）,3.58,3.35,3.80,3.64,3.18,3.17,3.33
744,ビジネスホテル　やなぎや＜東京都＞,3.25,3.25,4.63,2.75,2.75,3.00,3.00
745,ホテル　セントピア,4.32,4.37,4.21,4.00,3.67,3.65,4.22
746,エクセルシティーホテル,4.38,3.69,4.46,4.35,4.12,3.73,4.00
747,ＲａｋｕＨａｋｕ　ｉｎｎ　東京（ラクハクイン）,4.28,3.98,4.50,4.35,3.89,3.91,5.00
748,田町ＢＡＹ　ＨＯＴＥＬ（田町ベイホテル）,4.26,3.95,4.82,4.23,3.94,3.64,4.14
749,ビジネスホテル　ロイヤルイン菊水,3.00,3.44,3.44,2.44,3.11,2.13,－－－－－
750,ビジネスホテル福千,4.13,3.91,4.47,3.83,3.44,3.49,5.00
751,ファーストキャビン赤坂,4.04,3.85,4.66,3.91,3.96,3.77,3.33
752,カプセルインミナミ　六本木,3.00,2.79,4.37,3.21,2.89,2.63,－－－－－
753,日本青年館ホテル,4.67,4.53,4.53,4.64,4.59,4.60,4.74
754,ホテル　アマネク　銀座イースト（２０１６年６月１１日オープン）,3.62,3.31,3.38,3.69,3.31,4.23,－－－－－
755,ホテル　レインボー,3.80,3.66,4.66,3.43,3.45,3.31,3.23
756,ホテルパインヒル綾瀬,2.95,2.95,3.70,3.00,2.90,2.75,－－－－－
757,渋谷東急ＲＥＩホテル,4.06,3.71,4.76,4.06,3.82,3.24,4.50
758,八王子スカイホテル,3.89,3.39,3.72,3.89,3.12,2.81,3.83
759,ホテルミッドイン赤羽駅前,3.60,3.60,4.40,3.65,3.35,3.15,3.40
760,浅草タウンホテル,3.50,3.42,4.42,2.96,3.38,2.63,3.00
761,上野アーバンホテル,4.02,3.98,4.28,3.96,3.98,3.31,3.67
762,ホテルツーリストイン上野御徒町,3.33,3.17,3.17,3.33,3.00,3.40,－－－－－
763,ホテル　ヒルトップ,3.58,3.17,4.33,3.33,3.17,3.17,2.75
764,ネストホテル東京半蔵門,3.82,3.73,4.55,3.64,3.64,3.82,4.00
765,１泊１９８０円ホテルＴｏｋｙｏ,3.83,3.43,3.60,3.60,3.29,3.21,2.67
766,兜家旅館,4.21,4.29,4.50,4.29,3.79,4.21,4.14
767,Ｔｈｅ　Ｍｉｌｌｅｎｎｉａｌｓ　Ｓｈｉｂｕｙａ（ザ　ミレニアルズ渋谷）,3.69,3.46,3.92,3.77,3.75,3.80,3.25
768,八丈島プチホテル満天望　＜八丈島＞,5.00,4.87,4.53,4.87,4.73,4.17,5.00
769,ホテル丸忠　ＣＥＮＴＲＯ（チェントロ）　（旧：ホテル丸忠）,4.03,4.00,4.19,3.61,3.63,3.75,3.00
770,ホテルアジア会館,4.19,4.07,4.15,4.07,3.91,3.60,4.14
771,レッドプラネット東京　浅草,3.50,3.20,4.20,3.70,3.20,2.67,－－－－－
772,浅草蔵前ホテル　夢いろは,4.40,3.80,4.80,4.40,3.80,4.20,2.00
773,ニューホテルバンドン,3.38,3.13,3.38,3.25,2.75,2.88,－－－－－
774,大塚シティホテル,3.56,3.47,4.21,3.33,3.12,2.51,3.00
775,ホテルルートインＧｒａｎｄ東京浅草橋,3.82,3.77,3.86,3.73,3.67,3.91,3.86
776,ホテルモントレ　ラ・スールギンザ,4.32,3.89,4.53,4.11,4.11,3.61,3.82
777,ホテルたてしな,3.52,3.48,3.67,2.95,2.81,2.79,4.67
778,ホテルＪＡＬシティ羽田　東京　ウエストウイング,4.00,3.89,4.44,4.00,3.67,3.75,3.50
779,東横イン後楽園文京区役所前,3.71,3.21,4.64,4.14,3.29,3.58,3.43
780,八王子アーバンホテル,4.35,4.41,4.78,3.82,4.08,3.57,3.81
781,ＵＮＯ上野,3.97,3.94,3.97,3.71,3.67,3.57,3.00
782,赤坂アーバンホテル,4.12,4.00,4.48,3.80,3.80,3.24,3.67
783,ビジネスホテル　ほまれ,2.81,2.63,3.38,3.00,2.69,2.63,－－－－－
784,ビジネスホテル　松の井,2.91,2.91,4.36,2.45,2.36,2.36,－－－－－
785,サウナ&カプセルホテルニュー小岩３１０,3.69,3.62,4.03,3.38,3.31,3.66,3.88
786,千代田ホテル,3.65,3.90,4.40,3.35,3.29,2.85,2.00
787,ビジネスイン　サンホテル,3.50,3.57,3.93,3.21,3.29,3.07,4.00
788,ホテル　リンデン,4.13,3.96,3.52,4.13,4.38,4.22,3.83
789,西鉄イン蒲田,4.33,4.05,4.30,3.90,3.95,4.15,3.89
790,グリッズ　日本橋イースト　ホテル　＆　ホステル,4.09,3.90,3.89,3.85,3.64,3.56,5.00
791,セミナープラス　南町田,4.25,4.38,4.00,4.25,3.88,3.50,3.33
792,Ｔｒａｉｎ　Ｈｏｓｔｅｌ　北斗星,3.83,3.71,4.50,3.71,3.58,3.52,4.25
793,ホテルリブマックス浅草スカイフロント,3.93,3.43,4.44,3.96,3.70,3.23,3.67
794,ザ・ビー浅草（２０１８年１０月１７日オープン）,3.83,3.33,4.33,4.33,3.33,3.33,4.00
795,スパリゾート　プレジデント,3.64,3.43,4.54,3.61,3.07,3.64,3.75
796,ホテルアベスト銀座京橋（２０１７年７月１日オープン）,3.73,3.60,4.10,3.77,3.69,3.04,3.08
797,ホテル白ばらイン浅草,3.82,3.71,4.19,3.94,3.56,3.53,4.50
798,ホテルブーゲンビリア日野,3.87,3.57,4.27,3.70,3.50,3.63,3.75
799,ホテルリズベリオ赤坂,4.05,4.05,4.55,4.05,4.05,3.75,3.20
800,ファーストイン京橋,3.24,3.12,4.24,2.94,3.00,2.36,3.00
801,センチュリオンレディースホステル上野公園,3.78,3.61,4.39,3.65,3.35,3.33,3.33
802,東横イン浅草千束つくばエクスプレス,3.13,2.25,3.38,3.75,3.29,2.86,3.29
803,パールホテル葛西,3.77,3.59,4.23,3.32,3.50,3.10,3.83
804,ホテルマイステイズ上野稲荷町,4.14,3.60,3.80,4.00,3.40,3.25,4.00
805,カプセルイン錦糸町,3.80,3.60,4.48,3.44,3.65,3.46,3.73
806,ホテル　アカイ,3.42,3.00,4.25,3.08,3.08,2.86,4.00
807,東横イン神田秋葉原（旧：浅草橋交差点）,3.14,2.81,3.19,3.38,2.85,3.24,3.14
808,ホテルトレンド浅草,4.20,4.00,4.30,3.90,3.60,3.17,－－－－－
809,東横イン赤羽駅東口一番街,3.78,3.22,3.67,3.78,3.11,3.11,2.83
810,ステーションホテル　ちゃぼ,4.44,4.33,4.44,4.67,4.11,3.75,4.00
811,Ａｌｂｉｄａ　Ｈｏｔｅｌ　Ａｏｙａｍａ,4.20,4.20,4.00,4.20,5.00,4.60,－－－－－
812,かぷせるイン赤坂,3.75,3.68,4.09,3.41,3.51,3.63,3.75
813,東横イン門前仲町永代橋,3.30,3.20,3.05,3.50,3.00,3.21,3.07
814,ホテルノービス調布,3.70,3.50,4.60,3.60,3.40,4.11,4.00
815,ＲＹＯＫＡＮ　＆　ＤＡＹ　雫,3.29,3.57,2.43,3.86,4.00,3.57,－－－－－
816,ホテル蔵前,2.57,2.71,3.57,2.86,2.33,2.50,－－－－－
817,パールホテル両国,3.58,3.34,4.74,3.29,3.22,3.00,3.32
818,ナインアワーズ浅草,3.35,2.88,3.85,3.62,3.20,3.19,－－－－－
819,東横イン品川大井町,3.59,3.50,4.32,3.82,3.38,3.21,3.27
820,東京銀座ＢＡＹ　ＨＯＴＥＬ（東京銀座ベイホテル）,4.11,3.86,4.40,4.07,3.98,3.44,4.20
821,新橋愛宕山東急ＲＥＩホテル,3.80,3.63,4.23,3.66,3.49,3.22,3.67
822,調布アーバンホテル,4.00,4.00,3.94,3.65,3.70,3.23,3.76
823,スマイルホテル東京多摩永山,3.83,3.51,3.45,3.81,3.56,3.28,3.72
824,東横イン日本橋税務署前,3.82,3.55,3.73,3.55,3.09,3.27,3.11
825,シティホテル高幡,3.91,3.55,4.36,3.91,3.32,3.41,3.33
826,ホテル観月荘　上野,2.00,2.00,3.78,1.89,2.00,2.00,2.50
827,ＢｏｏｋＴｅａＢｅｄ　ＩＺＵＯＳＨＩＭＡ（伊豆大島）＜大島＞,4.67,4.33,4.83,4.50,4.33,4.20,4.67
828,ザ　ロイヤルパークホテル　東京汐留,4.00,3.97,4.41,4.14,3.93,3.97,3.68
829,ＢＯＯＫ　ＡＮＤ　ＢＥＤ　ＴＯＫＹＯ　浅草店,4.15,4.23,4.69,3.77,3.58,3.13,3.20
830,ロッジ　オーシャン　＜八丈島＞,4.31,4.46,4.31,4.15,4.31,3.75,4.42
831,ハセベ町屋イン,3.85,3.77,4.38,3.54,3.54,3.23,3.67
832,ホテルプラザ駒込,3.71,3.57,4.24,3.52,3.19,3.71,3.92
833,赤坂クリスタルホテル,3.65,3.28,4.60,3.42,3.42,3.18,3.00
834,モクシー東京錦糸町（マリオットグループ）,4.19,4.04,3.62,4.19,3.85,3.52,4.14
835,ビーグル東京ホステル＆アパートメンツ,3.93,3.80,4.26,3.54,3.78,3.64,3.87
836,グリッズ　秋葉原　ホテル　＆　ホステル,3.81,3.57,3.48,3.41,3.36,3.06,3.56
837,東横インアキバ浅草橋駅東口,4.00,3.86,4.43,4.00,3.43,3.57,3.80
838,ＢＯＯＫ　ＡＮＤ　ＢＥＤ　ＴＯＫＹＯ　ＩＫＥＢＵＫＵＲＯ,3.36,3.00,4.57,3.00,3.31,2.89,5.00
839,ＷＩＳＥ　ＯＷＬ　ＨＯＳＴＥＬＳ　ＳＨＩＢＵＹＡ,4.20,4.20,3.33,3.80,3.93,3.57,3.33
840,ＣＡＮＤＥＯ　ＨＯＴＥＬＳ（カンデオホテルズ）東京新橋（２０１８年１月１１日オープン）,4.20,4.10,4.43,4.38,4.23,4.44,4.34
841,ホテル奉仕会館,3.73,3.67,4.00,3.13,3.67,3.33,3.00
842,東京有明ＢＡＹ　ＨＯＴＥＬ（東京有明ベイホテル）,3.48,3.10,3.86,3.74,3.68,3.55,4.50
843,スマイルホテル浅草,3.44,3.44,3.00,3.56,3.26,2.89,3.00
844,ＨＯＴＥＬ　ＥＭＩＴ　ＵＥＮＯ（ホテルエミット上野）,3.67,3.83,4.33,3.50,3.33,2.67,3.33
845,浦島館,3.67,3.17,4.33,3.17,2.80,3.17,3.00
846,府中アーバンホテル,3.85,4.15,4.10,3.45,3.70,4.05,3.44
847,ビジネスホテル山百合,3.00,3.33,4.67,3.00,3.00,2.56,－－－－－
848,ホテルニュー栃木屋,3.69,3.41,3.82,3.24,3.27,3.38,－－－－－
849,ＰＬＡＹＳＩＳ　ＥＡＳＴ　ＴＯＫＹＯ,3.83,3.50,4.00,3.67,3.50,3.75,4.00
850,アヅマビジネスホテル,4.00,4.00,4.00,3.83,3.33,2.80,－－－－－
851,東横イン蒲田１,4.00,3.83,3.58,3.67,3.25,3.25,3.08
852,ツーリストホテル,3.00,3.08,4.08,3.08,2.64,2.36,3.00
853,アパートメント　サンブライト,3.57,3.21,4.79,3.43,3.13,3.07,3.00
854,みんなの別荘　ファミリア＜神津島＞,4.91,4.91,4.82,4.91,4.73,4.88,4.73
855,ＹＭＣＡアジア青少年センター,3.35,3.23,4.08,3.15,2.81,2.80,3.38
856,シティテル武蔵境,4.09,3.91,4.65,3.52,3.70,3.15,3.20
857,ＨＯＴＥＬ　ＥＭＰＩＲＥ　ＩＮ　ＳＨＩＮＪＵＫＵ,3.50,3.58,4.08,3.25,3.25,2.30,－－－－－
858,上野ターミナルホテル,3.65,3.68,4.12,3.53,3.24,3.07,3.61
859,ビジネスホテル一茶　別館,3.83,4.33,4.17,3.50,3.33,3.33,4.00
860,Ｂｏｏｔｈ　ＮｅｔＣａｆｅ＆Ｃａｐｓｕｌｅ,3.64,3.14,4.21,3.29,3.07,2.73,3.33
861,ときわホテル,4.00,4.00,4.55,3.18,3.64,4.00,5.00
862,ビジネス・イン・グランドール府中,4.11,3.67,4.78,4.22,3.44,3.63,3.00
863,ビジネスホテル　クレセント,3.33,3.33,3.25,3.25,3.17,2.67,3.00
864,Ｔｕｒｎ　Ｔａｂｌｅ　Ｈｏｓｔｅｌ,4.10,3.70,3.90,3.30,3.50,3.10,4.30
865,ＩＫＩＤＡＮＥ　ＨＯＵＳＥ　浅草旅籠,4.45,4.08,3.33,4.00,4.00,4.60,－－－－－
866,東横イン山手線大塚駅北口２,3.75,3.67,3.92,4.00,3.42,3.27,3.00
867,女性専用　アーバンホステル神田神保町　ＴＯＫＹＯ,4.31,4.17,4.53,4.10,3.75,3.78,3.80
868,ＷＩＳＥ　ＯＷＬ　ＨＯＳＴＥＬＳ　ＴＯＫＹＯ,4.00,3.82,4.73,3.73,3.36,3.60,4.00
869,Ｂ＆ＢＲＥＮＧＡ東銀座（ベッド＆ブレックファストレンガ）,4.33,4.33,4.83,4.00,4.33,4.17,4.75
870,Ｓｈｉｂａｍａｔａ　ＦＵ－ＴＥＮ　Ｂｅｄ　ａｎｄ　Ｌｏｃａｌ,3.57,3.71,4.29,3.71,3.50,3.67,4.00
871,ホテルグレイスリー新宿,4.09,3.96,4.61,4.22,4.00,4.55,3.64
872,ＷＥＢホテル東京浅草橋,3.75,3.31,4.06,3.38,3.56,2.80,3.00
873,新宿ノースホテル,4.61,4.17,4.50,4.00,3.89,4.35,4.00
874,ファミリーホテル　ふか川,3.33,3.33,3.44,3.11,3.11,3.22,－－－－－
875,ホテル　ニュー東北,3.50,3.38,3.75,3.25,3.00,3.13,4.00
876,ホテルトレンド浅草ＡＮＮＥＸ,4.33,4.33,4.83,4.33,4.67,3.75,－－－－－
877,ユニゾイン浅草,3.59,3.64,4.25,3.47,3.58,2.93,3.50
878,東横イン日本橋浜町明治座前,3.78,3.56,3.89,4.00,3.22,3.00,3.17
879,東横イン浅草蔵前雷門,3.83,3.83,3.67,4.00,3.00,3.33,3.17
880,ＨａｒｕＨｏｔｅｌ（ハルホテル）,2.11,2.44,3.22,2.33,1.56,2.33,3.00
881,カプセル&サウナロスコ（旧：カプセルイン駒込）,3.68,3.68,4.55,3.58,3.78,4.00,3.62
882,ＥＡＳＴ５７　浅草橋　ＥＡＳＴ５７　ＡＳＡＫＵＳＡＢＡＳＨＩ,3.15,3.00,3.46,3.00,2.83,3.23,4.50
883,ホテルサーティマイルズ,2.67,3.00,4.00,2.67,2.50,2.25,－－－－－
884,ＨＯＴＥＬ　ｏｗｌ　ＴＯＫＹＯ,4.05,3.80,4.46,3.88,3.73,3.53,3.50
885,ホテルサンルート“ステラ”上野,3.63,3.88,4.50,3.75,3.50,3.14,3.60
886,東横イン日本橋人形町,3.60,3.40,3.60,3.20,3.00,3.00,3.25
887,ＩＲＯＲＩ　Ｎｉｈｏｎｂａｓｈｉ　Ｈｏｓｔｅｌ　ａｎｄ　Ｋｉｔｃｈｅｎ,3.75,3.69,3.75,3.19,3.33,2.85,4.50
888,ＣＡＲＡＶＡＮ　ＦＬＡＫＥ＜大島＞,3.53,4.07,3.67,3.33,3.38,2.45,3.44
889,ビジネス旅館　亮月,3.00,2.80,3.60,2.80,2.40,2.75,－－－－－
890,東横イン上野田原町駅(旧：浅草田原町）,3.86,3.86,4.43,4.14,3.86,3.57,3.50
891,ベストウェスタンホテルフィーノ東京秋葉原,3.86,3.43,2.86,3.71,3.57,3.43,3.00
892,ＴＨＥ　ＮＥＬＬ　ＵＥＮＯ　ＯＫＡＣＨＩＭＡＣＨＩ,4.20,4.13,4.48,4.07,4.11,4.05,3.00
893,シティホテル　ロンスター,3.45,3.45,3.95,3.18,3.59,2.95,3.58
894,きぬやホテル,3.70,3.70,4.60,3.10,3.10,3.30,4.00
895,東京ツーリストイン,3.70,3.40,3.50,3.10,3.60,3.60,－－－－－
896,旅館　二幸,4.00,4.00,4.00,3.60,3.20,2.60,5.00
897,グリッズ　東京　浅草橋　ホテル＆ホステル（２０１７年１１月１日オープン）,3.86,3.93,4.07,3.71,3.57,3.45,4.20
898,旅館　三河屋本店,4.00,4.80,4.20,4.00,3.60,3.80,3.00
899,オークホステル桜,4.44,3.56,4.11,4.22,3.89,3.38,3.00
900,ＥＡＳＴ　ＢＬＵＥ　ＫＡＳＡＩＴＯＫＹＯ,4.67,3.83,4.33,4.17,3.83,3.00,3.00
901,カプセルホテルトランジット新宿,4.00,4.00,3.88,3.25,4.14,3.17,－－－－－
902,東横イン品川駅高輪口,3.95,3.65,4.40,3.90,3.50,3.44,3.33
903,南山荘＜東京都＞,4.86,5.00,4.43,4.86,4.29,4.29,5.00
904,ＩＣＨＩＮＩＣＨＩ,3.86,3.71,3.86,3.57,3.57,3.00,4.00
905,駒鳥山荘,4.88,4.88,4.63,4.50,4.63,4.75,5.00
906,シーズイン八王子,3.10,3.10,3.29,3.10,3.05,3.05,2.94
907,東横イン品川旗の台駅南口,4.13,3.87,4.47,4.13,3.80,3.79,3.67
908,ビジネス旅館　竹乃家,4.41,4.59,4.64,4.23,3.95,3.91,－－－－－
909,エース・イン新宿,2.88,2.38,3.75,2.38,2.14,2.67,－－－－－
910,東横イン蒲田東口,3.67,3.56,4.33,3.56,3.56,3.44,3.71
911,ホテル明月,4.00,3.83,3.50,3.83,3.00,3.40,－－－－－
912,Ｂｏｏｋ　Ｔｅａ　Ｂｅｄ　麻布十番店,3.40,3.40,4.00,3.60,3.33,2.63,4.00
913,ホテル朝日グランドール府中（２０１７年９月オープン）,4.14,4.14,4.43,4.43,3.29,2.75,－－－－－
914,エースイン浅草,3.75,3.50,2.88,3.25,3.00,2.86,3.00
915,カオサン東京サムライ,4.17,4.00,4.00,3.67,3.60,3.50,－－－－－
916,浅草ホテル旅籠,3.56,3.67,4.00,3.89,3.33,3.33,2.38
917,ＢＵＮＫＡ　ＨＯＳＴＥＬ　ＴＯＫＹＯ　（ブンカホステル東京）,4.06,4.06,4.56,3.94,3.89,3.13,4.00
918,＆ＡＮＤ　ＨＯＳＴＥＬ　ＫＡＮＤＡ（アンドホステル　カンダ）,3.30,3.11,3.67,3.11,3.12,3.32,4.50
919,＆ＡＮＤ　ＨＯＳＴＥＬ　ＡＳＡＫＵＳＡ　ＳＴＡＴＩＯＮ,3.20,3.20,3.80,3.20,2.80,3.25,－－－－－
920,Ｂｏｏｋ　Ｔｅａ　Ｂｅｄ　ＧＩＮＺＡ,2.64,3.00,4.09,2.73,2.30,2.11,5.00
921,イーストンホテル,3.94,3.63,4.35,3.78,3.40,3.36,3.00
922,ホテルウィングインターナショナルセレクト浅草駒形,4.38,4.69,4.62,3.15,4.23,2.69,3.30
923,ＴＯＫＹＯ－Ｗ－ＩＮＮ　Ａｓａｋｕｓａ,3.50,3.00,4.17,3.42,3.30,3.30,－－－－－
924,龍馬　池袋,3.83,3.50,3.17,4.00,3.67,3.40,－－－－－
925,ホテル稲本,4.08,3.69,3.31,3.77,3.46,3.33,3.00
926,千住田村屋,4.33,4.33,4.50,3.50,4.00,4.40,－－－－－
927,きぬや本館,3.00,3.20,4.60,2.60,2.40,3.40,－－－－－
928,厚生会館ホテル,3.78,3.79,4.44,3.68,3.33,3.44,3.00
929,Ｓｉｎｇｌｅ　ＣＡＢＩＮ　立花,3.20,3.00,4.60,3.40,2.75,3.00,－－－－－
930,和モダンなゲストハウス　和ごころ,4.63,4.88,3.88,4.25,4.38,3.83,－－－－－
931,八丈ビューホテル　＜八丈島＞,4.00,3.83,3.83,3.67,3.67,3.50,3.75
932,Ｔｏｋｙｏ　Ｈｏｓｔｅｌ　ＥＮＩＳＨＩ,4.19,4.25,4.06,3.88,4.25,4.10,4.88
933,サムライズホステル　池袋,3.57,3.86,2.71,3.29,3.43,2.60,5.00
934,アーバンホテル森下,3.80,3.20,3.60,3.40,2.80,2.40,－－－－－
935,カプセルきぬやホテル池袋,3.47,3.11,4.42,2.95,3.16,2.94,3.00
936,Ｊａｐａｎｉｚｅ　Ｇｕｅｓｔ　Ｈｏｕｓｅ,3.15,3.54,4.46,3.00,2.92,3.20,3.00
937,ＤＪ　Ｈｏｓｔｅｌ　Ｇｉｎｚａ,4.06,3.27,4.35,3.93,3.56,3.33,3.50
938,ホテルグレイスリー浅草,3.80,3.40,4.20,4.20,3.40,4.00,3.00
939,上野　ＮＥＷ伊豆ホテル,3.40,3.20,3.90,3.50,2.70,2.60,3.00
940,上野ホテル,3.25,3.25,3.13,3.00,3.00,3.20,3.67
941,Ｃｏｔｏｈａ　ＨＯＴＥＬ　御徒町,2.80,2.60,3.40,2.60,2.60,2.60,4.00
942,＆ＡＮＤ　ＨＯＳＴＥＬ　ＡＳＡＫＵＳＡ　ＮＯＲＴＨ,4.00,4.00,3.60,3.80,3.80,2.80,－－－－－
943,東京ゲストハウス板橋宿,3.88,3.88,4.38,3.63,3.63,3.00,－－－－－
944,エンブレムホステル西新井,2.88,3.00,3.63,2.63,2.67,3.40,4.00
945,プチホテル　あいらんど　＜三宅島＞,3.62,3.69,3.92,3.69,3.15,2.90,3.77
946,シーダイブ　ドミトリー（旧ハッチー・ジョーズ・ホステル）＜八丈島＞,3.64,3.09,4.18,3.18,3.00,2.50,3.00
947,パレスジャパン,2.80,3.00,3.60,2.80,2.00,3.00,－－－－－
948,Ｔ　ＨＯＵＳＥ,4.40,4.00,4.00,3.60,4.00,4.50,－－－－－
949,ＦＵＬＬ　ＣＡＢＩＮ　ＨＯＳＴＥＬ,2.50,1.83,3.67,2.67,2.00,2.50,－－－－－
950,コマツヤ,4.71,4.71,5.00,4.14,4.43,3.75,－－－－－
951,ホテルサンルート浅草,3.95,4.05,4.38,4.24,3.68,3.55,3.45
952,池袋ホテル＆カプセル　オアシス（旧ロビー会館）,3.33,3.29,4.24,3.05,3.05,2.75,3.71
953,ＴＨＥ　ＰＲＩＭＥ　ＰＯＤ銀座東京,3.80,3.88,4.88,3.72,3.50,3.27,3.71
954,ホテルグランドアーク半蔵門,4.27,4.15,4.44,4.34,4.07,3.95,4.10
955,ビジネスホテル　シティポート,3.78,3.56,4.00,3.56,3.22,3.56,4.00
956,ホテルフクラシア晴海（旧：晴海グランドホテル）（２０１８年６月１日リニューアルオープン）,4.12,3.81,3.84,4.14,3.88,3.79,4.23
957,中野サンプラザ,4.13,3.85,4.65,4.13,3.74,3.64,3.75
958,オリンピックイン麻布,3.91,3.59,4.05,3.77,3.44,3.28,2.71
959,デイナイスホテル東京,3.68,3.53,3.87,3.42,3.29,3.13,3.64
960,アワーズイン阪急,4.27,3.86,4.72,4.16,3.72,3.91,3.52
961,ホテルリンクス,3.91,3.59,4.13,3.59,3.07,3.16,3.70
962,両国リバーホテル,3.59,3.50,4.58,3.27,3.23,2.93,3.09
963,パールホテル新宿曙橋,4.25,3.89,3.89,4.22,3.78,4.25,4.00
964,ホテル武蔵野の森（調布・府中）,4.23,4.18,4.18,4.00,3.97,3.84,4.00
965,アルカディア市ヶ谷,4.10,3.74,4.62,3.79,3.53,3.49,3.86
966,ホテルグランドシティ,4.10,4.00,4.21,3.64,3.68,3.16,4.33
967,ＫＫＲホテル東京（国家公務員共済組合連合会東京共済会館）,4.36,4.12,4.45,4.36,3.98,3.77,4.02
968,東京ビュック,3.95,3.68,4.60,3.82,3.77,3.22,3.61
969,池袋ロイヤルホテル,3.32,3.11,4.23,3.23,2.84,3.40,2.74
970,ホテル　丸谷,4.01,3.93,4.44,3.76,3.94,3.56,4.21
971,東京ビジネスホテル,3.95,3.71,3.61,3.59,3.55,3.95,3.95
972,お茶の水セントヒルズホテル,3.94,3.78,4.03,3.81,3.66,3.48,3.60
973,島根イン青山,4.15,3.50,3.70,4.15,3.75,3.32,3.29
974,雅宿（みやびやど）竹峰,4.20,4.25,4.10,4.35,4.25,4.45,4.05
975,ホテルストリックス東京,3.00,2.88,4.25,3.13,2.78,2.91,2.46
976,オリンピックイン神田,3.82,3.61,3.76,3.82,3.33,3.03,3.69
977,山の上ホテル＜東京都＞,4.83,4.91,4.73,4.73,4.55,4.20,4.60
978,エコノミーホテルほていや,3.86,3.90,3.55,3.60,3.45,3.49,－－－－－
979,ＫＫＲホテル中目黒（国家公務員共済組合連合会目黒宿泊所）,3.68,3.62,3.26,3.82,3.68,4.20,4.17
980,カプセルネット　おもてなしのお宿,4.02,4.01,4.58,3.50,3.84,4.00,4.46
981,池袋セントラルホテル,3.69,3.15,4.02,3.41,3.38,3.00,4.00
982,パールホテル茅場町,3.78,3.63,4.15,3.41,3.33,3.44,4.36
983,ドシー恵比寿,3.28,3.08,4.62,3.09,3.14,3.17,4.33
984,全理連　代々木の宿（旧　全理連宿泊部）,4.41,4.35,4.86,4.27,4.02,3.94,4.25
985,大塚サンファーストホテル,3.16,2.79,4.00,3.21,3.16,2.94,－－－－－
986,西新宿グリーンホテル（旧：ホテルノーブル）,3.43,3.50,4.10,2.97,3.10,2.80,3.00
987,ホテル日光館,3.48,3.36,4.48,3.00,2.92,2.70,2.00
988,ホテルシーサイド江戸川,4.57,4.10,4.43,4.71,4.14,4.24,4.36
989,ビジネスホテルダイワ,3.73,3.50,4.75,3.58,3.08,3.00,2.00
990,つるや旅館＜東京都＞,4.76,4.63,4.39,4.46,4.07,4.20,4.86
991,パールホテル八重洲,4.00,3.75,4.00,3.67,3.58,3.27,3.25
992,南部イン西新宿,4.74,4.57,4.35,4.61,4.70,4.13,5.00
993,セントラルホテル東京,3.70,3.53,4.77,3.70,3.20,2.93,2.89
994,ホテルメイン神田,3.53,3.40,3.86,3.43,3.26,3.25,2.94
995,お台場　大江戸温泉物語,3.53,3.32,4.00,2.82,3.55,4.12,3.03
996,ビジネスホテル新力　４号館,3.65,3.25,4.10,3.20,3.30,3.00,－－－－－
997,学士会館ホテル,4.44,4.11,4.44,4.33,3.83,4.17,4.17
998,ホテル末広＜東京都＞,3.88,3.69,4.56,3.22,3.34,4.45,2.94
999,ホテルマーキュリー,3.58,3.67,4.33,3.17,3.33,3.09,3.75
1000,天然温泉の宿　ホテル白岩　＜大島＞,3.74,3.68,4.00,3.55,3.37,4.10,3.95
1001,ビジネスホテル　シティテル府中,3.88,4.13,4.50,4.00,3.88,3.33,4.50
1002,新宿ビジネスホテル,3.81,3.33,4.47,3.20,3.26,2.92,4.00
1003,景雲荘,4.36,4.04,4.88,4.32,3.25,3.38,－－－－－
1004,レインボーホテル,3.50,3.39,4.11,3.04,2.93,3.27,2.33
1005,ビジネスホテル新力　３号館,3.50,3.54,3.63,3.13,3.33,3.11,2.00
1006,ホテル　パークアベニュー＜東京都＞,4.00,4.00,4.46,3.92,3.62,3.40,－－－－－
1007,ホテル江戸屋,3.67,3.78,3.22,3.56,3.44,3.56,3.67
1008,ヒロマスイン　千歳烏山,3.97,3.73,3.74,4.10,3.83,3.70,4.00
1009,ヒロマスホステル　ｉｎ　秋葉原,4.04,3.71,3.91,3.87,3.68,3.74,－－－－－
1010,ビジネスホテル　サンパレス＜東京都＞,3.87,3.87,3.61,3.74,3.61,3.32,3.50
1011,ビジネスホテル　マーキュリー,3.75,3.75,4.42,3.33,3.25,2.92,3.18
1012,ビジネスホテル経堂,4.00,3.80,4.00,4.20,4.00,3.40,4.50
1013,Ｌａ　Ｋｒａｓｓｅ　墨田,4.90,3.90,4.81,4.86,4.57,4.19,－－－－－
1014,浅草ＲＯＸまつり湯,4.23,4.13,4.33,3.67,4.10,4.54,3.47
1015,新宿ＣＩＴＹ　ＨＯＴＥＬ　Ｎ．Ｕ．Ｔ．Ｓ東京,3.20,3.50,4.20,3.40,3.80,3.67,3.00
1016,カプセルホテル＆サウナ　みづほ,3.88,3.73,4.19,3.58,3.88,3.77,4.11
1017,ＧＵＥＳＴ　ＨＯＵＳＥ　東京櫻子　ＡＺＡＢＵ,3.47,3.05,3.53,3.42,2.56,2.35,－－－－－
1018,ビジネスホテル堀留ヴィラ,3.21,3.36,3.71,2.86,3.00,2.86,3.00
1019,助六の宿　貞千代,4.64,4.71,4.36,4.43,4.29,4.29,4.25
1020,ハンドレッドステイ東京新宿,3.56,3.33,3.89,3.89,3.78,3.75,－－－－－
1021,オークホステルキャビン,4.22,4.03,4.13,3.31,3.84,3.26,3.33
1022,サクラホテル池袋,3.83,3.44,3.94,3.61,3.25,3.13,3.40
1023,長良川旅館,4.14,4.29,4.14,4.07,3.79,3.43,－－－－－
1024,東京セントラルユースホステル,3.83,3.83,4.79,3.92,3.35,3.48,4.00
1025,ＦＩＲＳＴ　ＣＡＢＩＮ（ファーストキャビン）　羽田ターミナル１,3.88,3.81,4.90,3.57,3.65,3.97,4.00
1026,＆ＡＮＤ　ＨＯＳＴＥＬ　ＡＫＩＨＡＢＡＲＡ,3.42,3.31,4.12,3.04,2.81,3.20,3.00
1027,サットンプレイスホテル上野,3.83,4.06,4.25,3.72,3.69,3.89,3.00
1028,田無第一ホテル,3.29,3.14,3.71,3.43,3.00,3.00,3.20
1029,秋川渓谷　瀬音の湯,4.13,4.00,4.00,4.13,3.88,4.25,3.88
1030,ＮＡＤＥＳＨＩＫＯ　ＨＯＴＥＬ　ＳＨＩＢＵＹＡ,3.60,3.90,3.70,3.80,3.79,4.32,4.00
1031,ｏｂｉ　Ｈｏｓｔｅｌ,3.86,4.14,3.93,3.43,3.79,3.64,4.00
1032,上野東金屋ホテル,4.06,4.29,4.88,3.82,3.50,3.08,4.29
1033,ビジネスホテル　すえひろ,3.00,3.27,3.67,2.80,2.79,3.07,4.00
1034,カプセル・イン新橋,3.22,3.22,4.44,3.22,2.88,2.20,－－－－－
1035,カオサンワールド両国ホステル,3.38,3.00,3.75,3.63,3.29,2.80,－－－－－
1036,ＨＯＴＥＬ　ＲＯＣＫＳ新宿,2.67,2.50,3.50,2.50,2.50,2.50,3.00
1037,ビジネスホテル　福田屋＜台東区＞,4.00,3.62,3.31,3.46,3.15,3.77,－－－－－
1038,二見館,4.13,4.00,4.50,4.25,3.57,3.43,－－－－－
1039,サウナホテル　ニュー大泉,4.00,4.00,4.20,3.60,3.80,4.00,4.00
1040,プラネタイズホステル,3.00,3.57,4.00,3.29,3.33,2.75,－－－－－
1041,神保町サクラホテル,4.25,4.17,4.67,3.83,3.42,3.20,3.90
1042,田端王子ホテル,3.00,3.00,2.20,2.80,2.40,2.75,2.25
1043,ＨＯＳＴＥＬ　ＷＡＱＷＡＱ　ＴＯＫＹＯ　ＵＥＮＯ　ＡＳＡＫＵＳＡ,4.38,3.85,3.62,3.77,4.15,4.23,4.38
1044,久米川ビジネスホテル純和,2.71,2.71,3.71,2.86,2.86,2.86,1.00
1045,古民家の宿　山城,5.00,5.00,4.40,5.00,5.00,5.00,5.00
1046,ビジネスホテル韓国館,4.00,3.00,4.17,3.67,3.00,3.40,－－－－－
1047,サウナカプセルホテル　コア２１,3.50,3.33,4.00,3.00,3.60,4.17,3.00
1048,ＥＮＡＫＡ　Ａｓａｋｕｓａ　Ｃｅｎｔｒａｌ　Ｈｏｓｔｅｌ,4.12,3.65,4.11,3.94,3.94,2.86,－－－－－
1049,御宿ちよだ,4.50,4.50,4.50,4.00,4.17,4.17,－－－－－
1050,ヒロマスホステル　ｉｎ　神田,3.95,3.26,3.95,3.42,3.78,3.56,－－－－－
1051,ＵＮＰＬＡＮ　ｋａｇｕｒａｚａｋａ,4.14,3.86,4.00,3.71,3.57,4.00,4.40
1052,カプセルホテル＆サウナ　銀河　綾瀬,3.50,3.83,4.17,3.50,3.17,3.67,4.00
1053,サクラホテル日暮里,3.20,3.00,3.80,3.00,3.00,2.67,3.00
1054,ゲストハウス　扇子,4.29,3.83,4.33,4.67,3.67,3.75,－－－－－
1055,旅館＆ホステル　わさび日暮里,3.67,3.78,4.11,3.22,3.44,2.67,4.00
1056,ＩＫＩＤＡＮＥ　ＨＯＵＳＥ,3.90,3.90,4.40,4.20,3.80,3.00,－－－－－
1057,カプセルホテルサウナ太陽,4.00,3.40,4.80,3.60,4.00,4.20,－－－－－
1058,ＨＩＳＡＹＯ’Ｓ　ＩＮＮ,4.86,4.88,4.50,4.63,4.86,4.83,5.00
1059,ヒロマスホステル　ｉｎ　上野,3.71,3.50,3.25,3.50,3.63,3.63,－－－－－
1060,池袋グランドホテル,3.09,2.73,3.36,3.18,2.82,3.55,4.00
1061,Ｔｏｋｙｏ　Ｇｕｅｓｔ　Ｈｏｕｓｅ　Ｏｕｊｉ　Ｍｕｓｉｃ　Ｌｏｕｎｇｅ,3.71,3.29,4.57,3.43,3.71,3.33,4.00
1062,ｂｎｂ＋コステルンアキバ,4.11,3.89,4.11,3.78,3.63,3.78,－－－－－
1063,ｂｎｂ＋　ＴｒｉｐＣｏｍｍｕｎｉｔｙＴｏｋｙｏＦｉｖｅ,3.83,3.50,3.33,3.67,3.67,3.50,－－－－－
1064,ゲストハウス　カマタ１,4.38,4.50,4.25,4.13,4.43,4.25,5.00
1065,ＳＡＤＯＵ　ＨＯＳＴＥＬ　東京・上野,3.88,4.25,4.00,3.88,3.86,3.43,4.00
1066,ｂｍｊ　Ｓｈｉｎｊｕｋｕ　Ｏｋｕｂｏ,4.00,3.90,3.70,4.50,4.10,4.30,4.00
1067,商人ゆうだち,4.00,3.90,3.70,4.00,3.50,4.40,4.75
1068,浅草旅館　東海荘,4.25,4.00,4.00,3.75,3.38,3.00,－－－－－
1069,ゲストハウス品川宿　（ＧＵＥＳＴ　ＨＯＵＳＥ　品川宿）,3.67,3.83,4.17,2.83,2.67,2.80,3.00
1070,もろこや　＜八丈島＞,4.40,4.40,3.60,3.80,3.00,3.60,3.00
1071,ホテルニュー魚眠荘,3.25,3.00,4.63,3.00,2.75,3.43,3.75
1072,ホテル日本橋ヴィラ,3.55,3.36,4.09,3.41,3.18,3.00,2.50
1073,GRANDOUCE　六郷土手,3.80,3.80,4.00,3.80,3.80,2.67,－－－－－
1074,ＧＵＥＳＴ　ＨＯＵＳＥ　ＴＯＫＹＯ　ＡＺＡＢＵ,4.13,4.25,4.75,4.25,3.88,3.71,－－－－－
1075,Ｇｕｅｓｔ　Ｈｏｕｓｅ　ＴＲＡＣＥ,3.50,3.50,3.63,3.25,3.29,3.75,5.00
